gold_label,sequence,attention_mask,token_type
2,"[CLS] the nas timer value shall be calculated at start of a nas procedure , and shall not be re - calculated until the nas procedure is completed , restarted or ab ##orted the support of ce mode b by a u ##e is indicated to the mm ##e by lower layers and shall be stored by the mm ##e . [SEP] the nas timer value shall be calculated at start of a nas procedure and shall not be re - calculated until the nas procedure is completed , restarted or ab ##orted . [SEP]",1 1 1 1 1 1 1 1 1 1 1 1 1 1 1 1 1 1 1 1 1 1 1 1 1 1 1 1 1 1 1 1 1 1 1 1 1 1 1 1 1 1 1 1 1 1 1 1 1 1 1 1 1 1 1 1 1 1 1 1 1 1 1 1 1 1 1 1 1 1 1 1 1 1 1 1 1 1 1 1 1 1 1 1 1 1 1 1 1 1 1 1 1 1 1,0 0 0 0 0 0 0 0 0 0 0 0 0 0 0 0 0 0 0 0 0 0 0 0 0 0 0 0 0 0 0 0 0 0 0 0 0 0 0 0 0 0 0 0 0 0 0 0 0 0 0 0 0 0 0 0 0 0 0 0 0 0 1 1 1 1 1 1 1 1 1 1 1 1 1 1 1 1 1 1 1 1 1 1 1 1 1 1 1 1 1 1 1 1 1
2,[CLS] a u ##e enters the state em ##m - tracking - area - up ##dating - initiated after it has started the tracking area up ##dating or combined tracking area up ##dating procedure and is waiting for a response from the mm ##e ( see clause 5 . 5 . 3 ) . [SEP] as part of tracking area up ##dating . [SEP],1 1 1 1 1 1 1 1 1 1 1 1 1 1 1 1 1 1 1 1 1 1 1 1 1 1 1 1 1 1 1 1 1 1 1 1 1 1 1 1 1 1 1 1 1 1 1 1 1 1 1 1 1 1 1 1 1 1 1 1 1 1 1 1,0 0 0 0 0 0 0 0 0 0 0 0 0 0 0 0 0 0 0 0 0 0 0 0 0 0 0 0 0 0 0 0 0 0 0 0 0 0 0 0 0 0 0 0 0 0 0 0 0 0 0 0 0 0 0 1 1 1 1 1 1 1 1 1
2,[CLS] a u ##e enters the state em ##m - service - request - initiated after it has started the service request procedure and is waiting for a response from the mm ##e ( see clause 5 . 6 . 1 ) note : not all possible transitions are shown in this figure figure 5 . 1 . 3 . 2 . 2 . 7 . 1 : em ##m main states in the u ##e . [SEP] the mm ##e enters the state em ##m - der ##eg ##ister ##ed - initiated after it has started a det ##ach procedure and is waiting for a response from the u ##e ( see clause 5 . 5 . 2 ) figure 5 . 1 . 3 . 4 . 4 . 1 : em ##m main states in the mm ##e . [SEP],1 1 1 1 1 1 1 1 1 1 1 1 1 1 1 1 1 1 1 1 1 1 1 1 1 1 1 1 1 1 1 1 1 1 1 1 1 1 1 1 1 1 1 1 1 1 1 1 1 1 1 1 1 1 1 1 1 1 1 1 1 1 1 1 1 1 1 1 1 1 1 1 1 1 1 1 1 1 1 1 1 1 1 1 1 1 1 1 1 1 1 1 1 1 1 1 1 1 1 1 1 1 1 1 1 1 1 1 1 1 1 1 1 1 1 1 1 1 1 1 1 1 1 1 1 1 1 1 1 1 1 1 1 1 1 1 1 1 1 1 1 1 1,0 0 0 0 0 0 0 0 0 0 0 0 0 0 0 0 0 0 0 0 0 0 0 0 0 0 0 0 0 0 0 0 0 0 0 0 0 0 0 0 0 0 0 0 0 0 0 0 0 0 0 0 0 0 0 0 0 0 0 0 0 0 0 0 0 0 0 0 0 0 0 0 0 0 0 0 0 0 1 1 1 1 1 1 1 1 1 1 1 1 1 1 1 1 1 1 1 1 1 1 1 1 1 1 1 1 1 1 1 1 1 1 1 1 1 1 1 1 1 1 1 1 1 1 1 1 1 1 1 1 1 1 1 1 1 1 1 1 1 1 1 1 1
2,"[CLS] the state em ##m - der ##eg ##ister ##ed is subdivided into a number of sub ##sta ##tes as described in this clause . valid sub ##scribe ##r data are available for the u ##e before it enters the sub ##sta ##tes , except for the sub ##sta ##te em ##m - der ##eg ##ister ##ed . no - im ##si . [SEP] the state em ##m - registered is subdivided into a number of sub ##sta ##tes as described in this clause . [SEP]",1 1 1 1 1 1 1 1 1 1 1 1 1 1 1 1 1 1 1 1 1 1 1 1 1 1 1 1 1 1 1 1 1 1 1 1 1 1 1 1 1 1 1 1 1 1 1 1 1 1 1 1 1 1 1 1 1 1 1 1 1 1 1 1 1 1 1 1 1 1 1 1 1 1 1 1 1 1 1 1 1 1 1 1 1 1,0 0 0 0 0 0 0 0 0 0 0 0 0 0 0 0 0 0 0 0 0 0 0 0 0 0 0 0 0 0 0 0 0 0 0 0 0 0 0 0 0 0 0 0 0 0 0 0 0 0 0 0 0 0 0 0 0 0 0 0 0 0 0 0 1 1 1 1 1 1 1 1 1 1 1 1 1 1 1 1 1 1 1 1 1 1
2,[CLS] a combined attach procedure or a combined tracking area up ##dating procedure was successful for eps services only . user data and signalling information may be sent and received . [SEP] this ie shall be included if the combined tracking area up ##dating procedure was successful for eps services only . [SEP],1 1 1 1 1 1 1 1 1 1 1 1 1 1 1 1 1 1 1 1 1 1 1 1 1 1 1 1 1 1 1 1 1 1 1 1 1 1 1 1 1 1 1 1 1 1 1 1 1 1 1 1 1,0 0 0 0 0 0 0 0 0 0 0 0 0 0 0 0 0 0 0 0 0 0 0 0 0 0 0 0 0 0 0 0 1 1 1 1 1 1 1 1 1 1 1 1 1 1 1 1 1 1 1 1 1
2,[CLS] the network may detect em ##m signalling congestion and perform nas level mobility management congestion control . nas level mobility management congestion control consists of general nas level mobility management congestion control and sub ##scribe ##d ap ##n based congestion control under general over ##load conditions the network may reject mobility management signalling requests from u ##es as specified in 3 ##gp ##p s 23 . 401 [ 10 ] . [SEP] the mm ##e may include this ie when the nas level mobility management congestion control is active . [SEP],1 1 1 1 1 1 1 1 1 1 1 1 1 1 1 1 1 1 1 1 1 1 1 1 1 1 1 1 1 1 1 1 1 1 1 1 1 1 1 1 1 1 1 1 1 1 1 1 1 1 1 1 1 1 1 1 1 1 1 1 1 1 1 1 1 1 1 1 1 1 1 1 1 1 1 1 1 1 1 1 1 1 1 1 1 1 1 1 1 1 1 1,0 0 0 0 0 0 0 0 0 0 0 0 0 0 0 0 0 0 0 0 0 0 0 0 0 0 0 0 0 0 0 0 0 0 0 0 0 0 0 0 0 0 0 0 0 0 0 0 0 0 0 0 0 0 0 0 0 0 0 0 0 0 0 0 0 0 0 0 0 0 0 0 0 1 1 1 1 1 1 1 1 1 1 1 1 1 1 1 1 1 1 1
2,[CLS] the network may detect em ##m signalling congestion and perform nas level mobility management congestion control . nas level mobility management congestion control consists of general nas level mobility management congestion control and sub ##scribe ##d ap ##n based congestion control under general over ##load conditions the network may reject mobility management signalling requests from u ##es as specified in 3 ##gp ##p s 23 . 401 [ 10 ] . [SEP] the mm ##e may include this ie when the general nas level mobility management congestion control is active . [SEP],1 1 1 1 1 1 1 1 1 1 1 1 1 1 1 1 1 1 1 1 1 1 1 1 1 1 1 1 1 1 1 1 1 1 1 1 1 1 1 1 1 1 1 1 1 1 1 1 1 1 1 1 1 1 1 1 1 1 1 1 1 1 1 1 1 1 1 1 1 1 1 1 1 1 1 1 1 1 1 1 1 1 1 1 1 1 1 1 1 1 1 1 1,0 0 0 0 0 0 0 0 0 0 0 0 0 0 0 0 0 0 0 0 0 0 0 0 0 0 0 0 0 0 0 0 0 0 0 0 0 0 0 0 0 0 0 0 0 0 0 0 0 0 0 0 0 0 0 0 0 0 0 0 0 0 0 0 0 0 0 0 0 0 0 0 0 1 1 1 1 1 1 1 1 1 1 1 1 1 1 1 1 1 1 1 1
2,[CLS] the network may detect em ##m signalling congestion and perform nas level mobility management congestion control . nas level mobility management congestion control consists of general nas level mobility management congestion control and sub ##scribe ##d ap ##n based congestion control under general over ##load conditions the network may reject mobility management signalling requests from u ##es as specified in 3 ##gp ##p s 23 . 401 [ 10 ] . [SEP] the mm ##e may include this ie when the general nas level mobility management congestion control is active . [SEP],1 1 1 1 1 1 1 1 1 1 1 1 1 1 1 1 1 1 1 1 1 1 1 1 1 1 1 1 1 1 1 1 1 1 1 1 1 1 1 1 1 1 1 1 1 1 1 1 1 1 1 1 1 1 1 1 1 1 1 1 1 1 1 1 1 1 1 1 1 1 1 1 1 1 1 1 1 1 1 1 1 1 1 1 1 1 1 1 1 1 1 1 1,0 0 0 0 0 0 0 0 0 0 0 0 0 0 0 0 0 0 0 0 0 0 0 0 0 0 0 0 0 0 0 0 0 0 0 0 0 0 0 0 0 0 0 0 0 0 0 0 0 0 0 0 0 0 0 0 0 0 0 0 0 0 0 0 0 0 0 0 0 0 0 0 0 1 1 1 1 1 1 1 1 1 1 1 1 1 1 1 1 1 1 1 1
2,[CLS] as part of tracking area up ##dating . [SEP] within a combined tracking area up ##dating procedure the messages tracking area update accept and tracking area update complete carry information for the tracking area up ##dating and the location area up ##dating the combined tracking area up ##dating procedure follows the normal tracking area up ##dating procedure described in clause 5 . 5 . 3 . 2 with exception of clause 5 . 5 . 3 . 2 . 4a and clause 5 . 5 . 3 . 2 . 6 ##a . [SEP],1 1 1 1 1 1 1 1 1 1 1 1 1 1 1 1 1 1 1 1 1 1 1 1 1 1 1 1 1 1 1 1 1 1 1 1 1 1 1 1 1 1 1 1 1 1 1 1 1 1 1 1 1 1 1 1 1 1 1 1 1 1 1 1 1 1 1 1 1 1 1 1 1 1 1 1 1 1 1 1 1 1 1 1 1 1 1 1 1 1 1 1 1 1 1,0 0 0 0 0 0 0 0 0 0 1 1 1 1 1 1 1 1 1 1 1 1 1 1 1 1 1 1 1 1 1 1 1 1 1 1 1 1 1 1 1 1 1 1 1 1 1 1 1 1 1 1 1 1 1 1 1 1 1 1 1 1 1 1 1 1 1 1 1 1 1 1 1 1 1 1 1 1 1 1 1 1 1 1 1 1 1 1 1 1 1 1 1 1 1
2,"[CLS] if a failure of the hand ##over procedure is reported by the lower layer and the s ##1 signalling connection exists , the mm ##e shall re ##tra ##ns ##mit the security mode command message . [SEP] if a failure of the hand ##over procedure is reported by the lower layer and the s ##1 signalling connection exists , the mm ##e shall re ##tra ##ns ##mit the identity request message . [SEP]",1 1 1 1 1 1 1 1 1 1 1 1 1 1 1 1 1 1 1 1 1 1 1 1 1 1 1 1 1 1 1 1 1 1 1 1 1 1 1 1 1 1 1 1 1 1 1 1 1 1 1 1 1 1 1 1 1 1 1 1 1 1 1 1 1 1 1 1 1 1 1 1 1 1,0 0 0 0 0 0 0 0 0 0 0 0 0 0 0 0 0 0 0 0 0 0 0 0 0 0 0 0 0 0 0 0 0 0 0 0 0 0 1 1 1 1 1 1 1 1 1 1 1 1 1 1 1 1 1 1 1 1 1 1 1 1 1 1 1 1 1 1 1 1 1 1 1 1
2,"[CLS] if a failure of the hand ##over procedure is reported by the lower layer and the s ##1 signalling connection exists , the mm ##e shall re ##tra ##ns ##mit the security mode command message . [SEP] if a failure of the hand ##over procedure is reported by the lower layer and the s ##1 signalling connection exists , the mm ##e shall re ##tra ##ns ##mit the em ##m information message . [SEP]",1 1 1 1 1 1 1 1 1 1 1 1 1 1 1 1 1 1 1 1 1 1 1 1 1 1 1 1 1 1 1 1 1 1 1 1 1 1 1 1 1 1 1 1 1 1 1 1 1 1 1 1 1 1 1 1 1 1 1 1 1 1 1 1 1 1 1 1 1 1 1 1 1 1 1,0 0 0 0 0 0 0 0 0 0 0 0 0 0 0 0 0 0 0 0 0 0 0 0 0 0 0 0 0 0 0 0 0 0 0 0 0 0 1 1 1 1 1 1 1 1 1 1 1 1 1 1 1 1 1 1 1 1 1 1 1 1 1 1 1 1 1 1 1 1 1 1 1 1 1
2,"[CLS] if a failure of the hand ##over procedure is reported by the lower layer and the s ##1 signalling connection exists , the mm ##e shall re ##tra ##ns ##mit the security mode command message . [SEP] if a failure of the hand ##over procedure is reported by the lower layer and the s ##1 signalling connection exists , the mm ##e shall re ##tra ##ns ##mit the det ##ach accept message . [SEP]",1 1 1 1 1 1 1 1 1 1 1 1 1 1 1 1 1 1 1 1 1 1 1 1 1 1 1 1 1 1 1 1 1 1 1 1 1 1 1 1 1 1 1 1 1 1 1 1 1 1 1 1 1 1 1 1 1 1 1 1 1 1 1 1 1 1 1 1 1 1 1 1 1 1 1,0 0 0 0 0 0 0 0 0 0 0 0 0 0 0 0 0 0 0 0 0 0 0 0 0 0 0 0 0 0 0 0 0 0 0 0 0 0 1 1 1 1 1 1 1 1 1 1 1 1 1 1 1 1 1 1 1 1 1 1 1 1 1 1 1 1 1 1 1 1 1 1 1 1 1
2,"[CLS] if a failure of the hand ##over procedure is reported by the lower layer and the s ##1 signalling connection exists , the mm ##e shall re ##tra ##ns ##mit the security mode command message . [SEP] if a failure of the hand ##over procedure is reported by the lower layer and the s ##1 signalling connection exists , the mm ##e shall re ##tra ##ns ##mit the det ##ach request message . [SEP]",1 1 1 1 1 1 1 1 1 1 1 1 1 1 1 1 1 1 1 1 1 1 1 1 1 1 1 1 1 1 1 1 1 1 1 1 1 1 1 1 1 1 1 1 1 1 1 1 1 1 1 1 1 1 1 1 1 1 1 1 1 1 1 1 1 1 1 1 1 1 1 1 1 1 1,0 0 0 0 0 0 0 0 0 0 0 0 0 0 0 0 0 0 0 0 0 0 0 0 0 0 0 0 0 0 0 0 0 0 0 0 0 0 1 1 1 1 1 1 1 1 1 1 1 1 1 1 1 1 1 1 1 1 1 1 1 1 1 1 1 1 1 1 1 1 1 1 1 1 1
2,"[CLS] if a failure of the hand ##over procedure is reported by the lower layer and the s ##1 signalling connection exists , the mm ##e shall re ##tra ##ns ##mit the identity request message . [SEP] if a failure of the hand ##over procedure is reported by the lower layer and the s ##1 signalling connection exists , the mm ##e shall re ##tra ##ns ##mit the em ##m information message . [SEP]",1 1 1 1 1 1 1 1 1 1 1 1 1 1 1 1 1 1 1 1 1 1 1 1 1 1 1 1 1 1 1 1 1 1 1 1 1 1 1 1 1 1 1 1 1 1 1 1 1 1 1 1 1 1 1 1 1 1 1 1 1 1 1 1 1 1 1 1 1 1 1 1 1 1,0 0 0 0 0 0 0 0 0 0 0 0 0 0 0 0 0 0 0 0 0 0 0 0 0 0 0 0 0 0 0 0 0 0 0 0 0 1 1 1 1 1 1 1 1 1 1 1 1 1 1 1 1 1 1 1 1 1 1 1 1 1 1 1 1 1 1 1 1 1 1 1 1 1
2,"[CLS] if a failure of the hand ##over procedure is reported by the lower layer and the s ##1 signalling connection exists , the mm ##e shall re ##tra ##ns ##mit the identity request message . [SEP] if a failure of the hand ##over procedure is reported by the lower layer and the s ##1 signalling connection exists , the mm ##e shall re ##tra ##ns ##mit the det ##ach accept message . [SEP]",1 1 1 1 1 1 1 1 1 1 1 1 1 1 1 1 1 1 1 1 1 1 1 1 1 1 1 1 1 1 1 1 1 1 1 1 1 1 1 1 1 1 1 1 1 1 1 1 1 1 1 1 1 1 1 1 1 1 1 1 1 1 1 1 1 1 1 1 1 1 1 1 1 1,0 0 0 0 0 0 0 0 0 0 0 0 0 0 0 0 0 0 0 0 0 0 0 0 0 0 0 0 0 0 0 0 0 0 0 0 0 1 1 1 1 1 1 1 1 1 1 1 1 1 1 1 1 1 1 1 1 1 1 1 1 1 1 1 1 1 1 1 1 1 1 1 1 1
2,"[CLS] if a failure of the hand ##over procedure is reported by the lower layer and the s ##1 signalling connection exists , the mm ##e shall re ##tra ##ns ##mit the identity request message . [SEP] if a failure of the hand ##over procedure is reported by the lower layer and the s ##1 signalling connection exists , the mm ##e shall re ##tra ##ns ##mit the det ##ach request message . [SEP]",1 1 1 1 1 1 1 1 1 1 1 1 1 1 1 1 1 1 1 1 1 1 1 1 1 1 1 1 1 1 1 1 1 1 1 1 1 1 1 1 1 1 1 1 1 1 1 1 1 1 1 1 1 1 1 1 1 1 1 1 1 1 1 1 1 1 1 1 1 1 1 1 1 1,0 0 0 0 0 0 0 0 0 0 0 0 0 0 0 0 0 0 0 0 0 0 0 0 0 0 0 0 0 0 0 0 0 0 0 0 0 1 1 1 1 1 1 1 1 1 1 1 1 1 1 1 1 1 1 1 1 1 1 1 1 1 1 1 1 1 1 1 1 1 1 1 1 1
2,"[CLS] if a failure of the hand ##over procedure is reported by the lower layer and the s ##1 signalling connection exists , the mm ##e shall re ##tra ##ns ##mit the em ##m information message . [SEP] if a failure of the hand ##over procedure is reported by the lower layer and the s ##1 signalling connection exists , the mm ##e shall re ##tra ##ns ##mit the det ##ach accept message . [SEP]",1 1 1 1 1 1 1 1 1 1 1 1 1 1 1 1 1 1 1 1 1 1 1 1 1 1 1 1 1 1 1 1 1 1 1 1 1 1 1 1 1 1 1 1 1 1 1 1 1 1 1 1 1 1 1 1 1 1 1 1 1 1 1 1 1 1 1 1 1 1 1 1 1 1 1,0 0 0 0 0 0 0 0 0 0 0 0 0 0 0 0 0 0 0 0 0 0 0 0 0 0 0 0 0 0 0 0 0 0 0 0 0 0 1 1 1 1 1 1 1 1 1 1 1 1 1 1 1 1 1 1 1 1 1 1 1 1 1 1 1 1 1 1 1 1 1 1 1 1 1
2,"[CLS] if a failure of the hand ##over procedure is reported by the lower layer and the s ##1 signalling connection exists , the mm ##e shall re ##tra ##ns ##mit the em ##m information message . [SEP] if a failure of the hand ##over procedure is reported by the lower layer and the s ##1 signalling connection exists , the mm ##e shall re ##tra ##ns ##mit the det ##ach request message . [SEP]",1 1 1 1 1 1 1 1 1 1 1 1 1 1 1 1 1 1 1 1 1 1 1 1 1 1 1 1 1 1 1 1 1 1 1 1 1 1 1 1 1 1 1 1 1 1 1 1 1 1 1 1 1 1 1 1 1 1 1 1 1 1 1 1 1 1 1 1 1 1 1 1 1 1 1,0 0 0 0 0 0 0 0 0 0 0 0 0 0 0 0 0 0 0 0 0 0 0 0 0 0 0 0 0 0 0 0 0 0 0 0 0 0 1 1 1 1 1 1 1 1 1 1 1 1 1 1 1 1 1 1 1 1 1 1 1 1 1 1 1 1 1 1 1 1 1 1 1 1 1
2,[CLS] the attach procedure shall be considered as failed for sms services . the behaviour of the u ##e in those cases is specified in clause 5 . 5 . 1 . 2 . 6 ##a . [SEP] the tracking area up ##dating procedure shall be considered as failed for sms services . the behaviour of the u ##e in those cases is specified in clause 5 . 5 . 3 . 2 . 6 ##a . [SEP],1 1 1 1 1 1 1 1 1 1 1 1 1 1 1 1 1 1 1 1 1 1 1 1 1 1 1 1 1 1 1 1 1 1 1 1 1 1 1 1 1 1 1 1 1 1 1 1 1 1 1 1 1 1 1 1 1 1 1 1 1 1 1 1 1 1 1 1 1 1 1 1 1 1 1 1 1 1,0 0 0 0 0 0 0 0 0 0 0 0 0 0 0 0 0 0 0 0 0 0 0 0 0 0 0 0 0 0 0 0 0 0 0 0 0 0 1 1 1 1 1 1 1 1 1 1 1 1 1 1 1 1 1 1 1 1 1 1 1 1 1 1 1 1 1 1 1 1 1 1 1 1 1 1 1 1
2,[CLS] the combined attach procedure shall be considered as failed for non - eps services . the behaviour of the u ##e in those cases is specified in clause 5 . 5 . 1 . 3 . 6 . [SEP] the combined tracking area up ##dating procedure shall be considered as failed for non - eps services . the behaviour of the u ##e in those cases is specified in clause 5 . 5 . 3 . 3 . 6 . [SEP],1 1 1 1 1 1 1 1 1 1 1 1 1 1 1 1 1 1 1 1 1 1 1 1 1 1 1 1 1 1 1 1 1 1 1 1 1 1 1 1 1 1 1 1 1 1 1 1 1 1 1 1 1 1 1 1 1 1 1 1 1 1 1 1 1 1 1 1 1 1 1 1 1 1 1 1 1 1 1 1 1 1,0 0 0 0 0 0 0 0 0 0 0 0 0 0 0 0 0 0 0 0 0 0 0 0 0 0 0 0 0 0 0 0 0 0 0 0 0 0 0 0 1 1 1 1 1 1 1 1 1 1 1 1 1 1 1 1 1 1 1 1 1 1 1 1 1 1 1 1 1 1 1 1 1 1 1 1 1 1 1 1 1 1
2,"[CLS] if a failure of the hand ##over procedure is reported by the lower layer and the s ##1 signalling connection exists , the mm ##e shall re ##tra ##ns ##mit the det ##ach accept message . [SEP] if a failure of the hand ##over procedure is reported by the lower layer and the s ##1 signalling connection exists , the mm ##e shall re ##tra ##ns ##mit the det ##ach request message . [SEP]",1 1 1 1 1 1 1 1 1 1 1 1 1 1 1 1 1 1 1 1 1 1 1 1 1 1 1 1 1 1 1 1 1 1 1 1 1 1 1 1 1 1 1 1 1 1 1 1 1 1 1 1 1 1 1 1 1 1 1 1 1 1 1 1 1 1 1 1 1 1 1 1 1 1 1,0 0 0 0 0 0 0 0 0 0 0 0 0 0 0 0 0 0 0 0 0 0 0 0 0 0 0 0 0 0 0 0 0 0 0 0 0 0 1 1 1 1 1 1 1 1 1 1 1 1 1 1 1 1 1 1 1 1 1 1 1 1 1 1 1 1 1 1 1 1 1 1 1 1 1
2,[CLS] the tracking area up ##dating procedure shall be considered as failed for sms services . the behaviour of the u ##e in those cases is specified in clause 5 . 5 . 3 . 2 . 6 ##a . [SEP] the combined tracking area up ##dating procedure shall be considered as failed for non - eps services . the behaviour of the u ##e in those cases is specified in clause 5 . 5 . 3 . 3 . 6 . [SEP],1 1 1 1 1 1 1 1 1 1 1 1 1 1 1 1 1 1 1 1 1 1 1 1 1 1 1 1 1 1 1 1 1 1 1 1 1 1 1 1 1 1 1 1 1 1 1 1 1 1 1 1 1 1 1 1 1 1 1 1 1 1 1 1 1 1 1 1 1 1 1 1 1 1 1 1 1 1 1 1 1 1 1,0 0 0 0 0 0 0 0 0 0 0 0 0 0 0 0 0 0 0 0 0 0 0 0 0 0 0 0 0 0 0 0 0 0 0 0 0 0 0 0 0 1 1 1 1 1 1 1 1 1 1 1 1 1 1 1 1 1 1 1 1 1 1 1 1 1 1 1 1 1 1 1 1 1 1 1 1 1 1 1 1 1 1
2,"[CLS] the following abnormal case can be identified a ) lower layer indication of non - delivered nas pd ##u if the down ##link nas transport message is not delivered for any reason , the mm ##e may disc ##ard the message . [SEP] the following abnormal case can be identified a ) lower layer indication of non - delivered nas pd ##u if the down ##link generic nas transport message is not delivered for any reason , the mm ##e may disc ##ard the message . [SEP]",1 1 1 1 1 1 1 1 1 1 1 1 1 1 1 1 1 1 1 1 1 1 1 1 1 1 1 1 1 1 1 1 1 1 1 1 1 1 1 1 1 1 1 1 1 1 1 1 1 1 1 1 1 1 1 1 1 1 1 1 1 1 1 1 1 1 1 1 1 1 1 1 1 1 1 1 1 1 1 1 1 1 1 1 1 1 1 1,0 0 0 0 0 0 0 0 0 0 0 0 0 0 0 0 0 0 0 0 0 0 0 0 0 0 0 0 0 0 0 0 0 0 0 0 0 0 0 0 0 0 0 0 1 1 1 1 1 1 1 1 1 1 1 1 1 1 1 1 1 1 1 1 1 1 1 1 1 1 1 1 1 1 1 1 1 1 1 1 1 1 1 1 1 1 1 1
2,"[CLS] if included , the em ##m entity in the mm ##e shall also provide the contents of the additional information ie . [SEP] if included , the em ##m entity in the u ##e shall also provide the contents of the additional information ie . [SEP]",1 1 1 1 1 1 1 1 1 1 1 1 1 1 1 1 1 1 1 1 1 1 1 1 1 1 1 1 1 1 1 1 1 1 1 1 1 1 1 1 1 1 1 1 1 1 1,0 0 0 0 0 0 0 0 0 0 0 0 0 0 0 0 0 0 0 0 0 0 0 0 1 1 1 1 1 1 1 1 1 1 1 1 1 1 1 1 1 1 1 1 1 1 1
2,[CLS] the eps bearer context is active in the u ##e figure 6 . 1 . 3 . 2 . 2 . 1 : the es ##m sub ##layer states for eps bearer context handling in the u ##e ( overview ) . [SEP] the network has initiated an eps bearer context modification towards the u ##e figure 6 . 1 . 3 . 3 . 5 . 1 : the es ##m sub ##layer states for eps bearer context handling in the network ( overview ) . [SEP],1 1 1 1 1 1 1 1 1 1 1 1 1 1 1 1 1 1 1 1 1 1 1 1 1 1 1 1 1 1 1 1 1 1 1 1 1 1 1 1 1 1 1 1 1 1 1 1 1 1 1 1 1 1 1 1 1 1 1 1 1 1 1 1 1 1 1 1 1 1 1 1 1 1 1 1 1 1 1 1 1 1 1 1 1 1 1 1 1,0 0 0 0 0 0 0 0 0 0 0 0 0 0 0 0 0 0 0 0 0 0 0 0 0 0 0 0 0 0 0 0 0 0 0 0 0 0 0 0 0 0 0 0 1 1 1 1 1 1 1 1 1 1 1 1 1 1 1 1 1 1 1 1 1 1 1 1 1 1 1 1 1 1 1 1 1 1 1 1 1 1 1 1 1 1 1 1 1
2,[CLS] the u ##e has initiated a procedure transaction towards the network figure 6 . 1 . 3 . 2 . 4 . 1 : the procedure transaction states in the u ##e ( overview ) . [SEP] the network has initiated a procedure transaction towards the u ##e figure 6 . 1 . 3 . 3 . 7 . 1 : the procedure transaction states in the network ( overview ) . [SEP],1 1 1 1 1 1 1 1 1 1 1 1 1 1 1 1 1 1 1 1 1 1 1 1 1 1 1 1 1 1 1 1 1 1 1 1 1 1 1 1 1 1 1 1 1 1 1 1 1 1 1 1 1 1 1 1 1 1 1 1 1 1 1 1 1 1 1 1 1 1 1 1 1 1,0 0 0 0 0 0 0 0 0 0 0 0 0 0 0 0 0 0 0 0 0 0 0 0 0 0 0 0 0 0 0 0 0 0 0 0 0 0 1 1 1 1 1 1 1 1 1 1 1 1 1 1 1 1 1 1 1 1 1 1 1 1 1 1 1 1 1 1 1 1 1 1 1 1
2,"[CLS] transaction related procedures use the procedure transaction identity as address parameter in the es ##m message header . when the u ##e or the network initiate ##s a transaction related procedure , it shall include a valid procedure transaction identity value in the message header and set the eps bearer identity to "" no eps bearer identity assigned "" . [SEP] in this case the mm ##e shall set the procedure transaction identity value in the modify eps bearer context request message to "" no procedure transaction identity assigned "" . [SEP]",1 1 1 1 1 1 1 1 1 1 1 1 1 1 1 1 1 1 1 1 1 1 1 1 1 1 1 1 1 1 1 1 1 1 1 1 1 1 1 1 1 1 1 1 1 1 1 1 1 1 1 1 1 1 1 1 1 1 1 1 1 1 1 1 1 1 1 1 1 1 1 1 1 1 1 1 1 1 1 1 1 1 1 1 1 1 1 1 1 1 1 1 1,0 0 0 0 0 0 0 0 0 0 0 0 0 0 0 0 0 0 0 0 0 0 0 0 0 0 0 0 0 0 0 0 0 0 0 0 0 0 0 0 0 0 0 0 0 0 0 0 0 0 0 0 0 0 0 0 0 0 0 0 0 0 1 1 1 1 1 1 1 1 1 1 1 1 1 1 1 1 1 1 1 1 1 1 1 1 1 1 1 1 1 1 1
2,"[CLS] if the pd ##n connectivity request message included a low priority indicator set to "" ms is configured for nas signalling low priority "" , the mm ##e shall store the nas signalling low priority indication within the default eps bearer context . [SEP] this ie shall be included if the u ##e is configured for nas signalling low priority . [SEP]",1 1 1 1 1 1 1 1 1 1 1 1 1 1 1 1 1 1 1 1 1 1 1 1 1 1 1 1 1 1 1 1 1 1 1 1 1 1 1 1 1 1 1 1 1 1 1 1 1 1 1 1 1 1 1 1 1 1 1 1 1 1 1,0 0 0 0 0 0 0 0 0 0 0 0 0 0 0 0 0 0 0 0 0 0 0 0 0 0 0 0 0 0 0 0 0 0 0 0 0 0 0 0 0 0 0 0 0 1 1 1 1 1 1 1 1 1 1 1 1 1 1 1 1 1 1
2,"[CLS] if the pd ##n connectivity request message included a low priority indicator set to "" ms is configured for nas signalling low priority "" , the mm ##e shall store the nas signalling low priority indication within the default eps bearer context . [SEP] the u ##e shall include this ie if the u ##e is configured for nas signalling low priority . [SEP]",1 1 1 1 1 1 1 1 1 1 1 1 1 1 1 1 1 1 1 1 1 1 1 1 1 1 1 1 1 1 1 1 1 1 1 1 1 1 1 1 1 1 1 1 1 1 1 1 1 1 1 1 1 1 1 1 1 1 1 1 1 1 1 1 1,0 0 0 0 0 0 0 0 0 0 0 0 0 0 0 0 0 0 0 0 0 0 0 0 0 0 0 0 0 0 0 0 0 0 0 0 0 0 0 0 0 0 0 0 0 1 1 1 1 1 1 1 1 1 1 1 1 1 1 1 1 1 1 1 1
2,"[CLS] if the pd ##n connectivity request message included a low priority indicator set to "" ms is configured for nas signalling low priority "" , the mm ##e shall store the nas signalling low priority indication within the default eps bearer context . [SEP] this ie shall be included if the u ##e is configured for nas signalling low priority . [SEP]",1 1 1 1 1 1 1 1 1 1 1 1 1 1 1 1 1 1 1 1 1 1 1 1 1 1 1 1 1 1 1 1 1 1 1 1 1 1 1 1 1 1 1 1 1 1 1 1 1 1 1 1 1 1 1 1 1 1 1 1 1 1 1,0 0 0 0 0 0 0 0 0 0 0 0 0 0 0 0 0 0 0 0 0 0 0 0 0 0 0 0 0 0 0 0 0 0 0 0 0 0 0 0 0 0 0 0 0 1 1 1 1 1 1 1 1 1 1 1 1 1 1 1 1 1 1
2,"[CLS] if the pd ##n connectivity request message included a low priority indicator set to "" ms is configured for nas signalling low priority "" , the mm ##e shall store the nas signalling low priority indication within the default eps bearer context . [SEP] the u ##e shall include this ie if the u ##e is configured for nas signalling low priority . [SEP]",1 1 1 1 1 1 1 1 1 1 1 1 1 1 1 1 1 1 1 1 1 1 1 1 1 1 1 1 1 1 1 1 1 1 1 1 1 1 1 1 1 1 1 1 1 1 1 1 1 1 1 1 1 1 1 1 1 1 1 1 1 1 1 1 1,0 0 0 0 0 0 0 0 0 0 0 0 0 0 0 0 0 0 0 0 0 0 0 0 0 0 0 0 0 0 0 0 0 0 0 0 0 0 0 0 0 0 0 0 0 1 1 1 1 1 1 1 1 1 1 1 1 1 1 1 1 1 1 1 1
2,"[CLS] if the pd ##n connectivity request message included a low priority indicator set to "" ms is configured for nas signalling low priority "" , the mm ##e shall store the nas signalling low priority indication within the default eps bearer context . [SEP] the u ##e shall include this ie if the u ##e is configured for nas signalling low priority . [SEP]",1 1 1 1 1 1 1 1 1 1 1 1 1 1 1 1 1 1 1 1 1 1 1 1 1 1 1 1 1 1 1 1 1 1 1 1 1 1 1 1 1 1 1 1 1 1 1 1 1 1 1 1 1 1 1 1 1 1 1 1 1 1 1 1 1,0 0 0 0 0 0 0 0 0 0 0 0 0 0 0 0 0 0 0 0 0 0 0 0 0 0 0 0 0 0 0 0 0 0 0 0 0 0 0 0 0 0 0 0 0 1 1 1 1 1 1 1 1 1 1 1 1 1 1 1 1 1 1 1 1
2,"[CLS] if the pd ##n connectivity request message included a low priority indicator set to "" ms is configured for nas signalling low priority "" , the mm ##e shall store the nas signalling low priority indication within the default eps bearer context . [SEP] the u ##e shall include this ie if the u ##e is configured for nas signalling low priority . [SEP]",1 1 1 1 1 1 1 1 1 1 1 1 1 1 1 1 1 1 1 1 1 1 1 1 1 1 1 1 1 1 1 1 1 1 1 1 1 1 1 1 1 1 1 1 1 1 1 1 1 1 1 1 1 1 1 1 1 1 1 1 1 1 1 1 1,0 0 0 0 0 0 0 0 0 0 0 0 0 0 0 0 0 0 0 0 0 0 0 0 0 0 0 0 0 0 0 0 0 0 0 0 0 0 0 0 0 0 0 0 0 1 1 1 1 1 1 1 1 1 1 1 1 1 1 1 1 1 1 1 1
2,"[CLS] if the pd ##n connectivity request message included a low priority indicator set to "" ms is configured for nas signalling low priority "" , the mm ##e shall store the nas signalling low priority indication within the default eps bearer context . [SEP] the u ##e shall include this ie if the u ##e is configured for nas signalling low priority . [SEP]",1 1 1 1 1 1 1 1 1 1 1 1 1 1 1 1 1 1 1 1 1 1 1 1 1 1 1 1 1 1 1 1 1 1 1 1 1 1 1 1 1 1 1 1 1 1 1 1 1 1 1 1 1 1 1 1 1 1 1 1 1 1 1 1 1,0 0 0 0 0 0 0 0 0 0 0 0 0 0 0 0 0 0 0 0 0 0 0 0 0 0 0 0 0 0 0 0 0 0 0 0 0 0 0 0 0 0 0 0 0 1 1 1 1 1 1 1 1 1 1 1 1 1 1 1 1 1 1 1 1
2,[CLS] the purpose of the remote u ##e report procedure is for a u ##e acting as prose u ##e - to - network relay to not ##ify the network that a remote u ##e is connected to the prose u ##e - to - network relay or disconnected from the prose u ##e - to - network relay as specified in 3 ##gp ##p s 23 . 303 [ 31 ] . [SEP] this ie is included in the message by the u ##e acting as prose u ##e - to - network relay to provide the network with disconnected remote u ##e information as specified in 3 ##gp ##p s 23 . 303 [ 31 ] . [SEP],1 1 1 1 1 1 1 1 1 1 1 1 1 1 1 1 1 1 1 1 1 1 1 1 1 1 1 1 1 1 1 1 1 1 1 1 1 1 1 1 1 1 1 1 1 1 1 1 1 1 1 1 1 1 1 1 1 1 1 1 1 1 1 1 1 1 1 1 1 1 1 1 1 1 1 1 1 1 1 1 1 1 1 1 1 1 1 1 1 1 1 1 1 1 1 1 1 1 1 1 1 1 1 1 1 1 1 1 1 1 1 1 1 1 1 1 1 1 1 1,0 0 0 0 0 0 0 0 0 0 0 0 0 0 0 0 0 0 0 0 0 0 0 0 0 0 0 0 0 0 0 0 0 0 0 0 0 0 0 0 0 0 0 0 0 0 0 0 0 0 0 0 0 0 0 0 0 0 0 0 0 0 0 0 0 0 0 0 0 0 0 0 0 0 1 1 1 1 1 1 1 1 1 1 1 1 1 1 1 1 1 1 1 1 1 1 1 1 1 1 1 1 1 1 1 1 1 1 1 1 1 1 1 1 1 1 1 1 1 1
2,"[CLS] upon receipt of the remote u ##e report message , the mm ##e shall send a remote u ##e report response message to the u ##e . the mm ##e shall include the pt ##i from the remote u ##e report message . [SEP] this message is sent by the u ##e to the network to report connection or disco ##nne ##ction of remote u ##e ( s ) . see table 8 . 3 . 23 . 1 message type : remote u ##e report direction : u ##e to network . [SEP]",1 1 1 1 1 1 1 1 1 1 1 1 1 1 1 1 1 1 1 1 1 1 1 1 1 1 1 1 1 1 1 1 1 1 1 1 1 1 1 1 1 1 1 1 1 1 1 1 1 1 1 1 1 1 1 1 1 1 1 1 1 1 1 1 1 1 1 1 1 1 1 1 1 1 1 1 1 1 1 1 1 1 1 1 1 1 1 1 1 1 1 1 1 1 1,0 0 0 0 0 0 0 0 0 0 0 0 0 0 0 0 0 0 0 0 0 0 0 0 0 0 0 0 0 0 0 0 0 0 0 0 0 0 0 0 0 0 0 0 0 1 1 1 1 1 1 1 1 1 1 1 1 1 1 1 1 1 1 1 1 1 1 1 1 1 1 1 1 1 1 1 1 1 1 1 1 1 1 1 1 1 1 1 1 1 1 1 1 1 1
2,"[CLS] upon receipt of the remote u ##e report message , the mm ##e shall send a remote u ##e report response message to the u ##e . the mm ##e shall include the pt ##i from the remote u ##e report message . [SEP] this message is sent by the network to the u ##e to acknowledge receipt of a remote u ##e report message . see table 8 . 3 . 24 . 1 message type : remote u ##e report response direction : network to u ##e . [SEP]",1 1 1 1 1 1 1 1 1 1 1 1 1 1 1 1 1 1 1 1 1 1 1 1 1 1 1 1 1 1 1 1 1 1 1 1 1 1 1 1 1 1 1 1 1 1 1 1 1 1 1 1 1 1 1 1 1 1 1 1 1 1 1 1 1 1 1 1 1 1 1 1 1 1 1 1 1 1 1 1 1 1 1 1 1 1 1 1 1 1 1 1,0 0 0 0 0 0 0 0 0 0 0 0 0 0 0 0 0 0 0 0 0 0 0 0 0 0 0 0 0 0 0 0 0 0 0 0 0 0 0 0 0 0 0 0 0 1 1 1 1 1 1 1 1 1 1 1 1 1 1 1 1 1 1 1 1 1 1 1 1 1 1 1 1 1 1 1 1 1 1 1 1 1 1 1 1 1 1 1 1 1 1 1
2,"[CLS] the u ##e shall ignore all ie ##s unknown in a message which are not encoded as "" comprehension required "" ( see 3 ##gp ##p s 24 . 00 ##7 [ 12 ] ) the network shall take the same approach . [SEP] the u ##e shall ignore all out of sequence ie ##s in a message which are not encoded as "" comprehension required "" ( see 3 ##gp ##p s 24 . 00 ##7 [ 12 ] ) the network should take the same approach . [SEP]",1 1 1 1 1 1 1 1 1 1 1 1 1 1 1 1 1 1 1 1 1 1 1 1 1 1 1 1 1 1 1 1 1 1 1 1 1 1 1 1 1 1 1 1 1 1 1 1 1 1 1 1 1 1 1 1 1 1 1 1 1 1 1 1 1 1 1 1 1 1 1 1 1 1 1 1 1 1 1 1 1 1 1 1 1 1 1 1 1 1 1,0 0 0 0 0 0 0 0 0 0 0 0 0 0 0 0 0 0 0 0 0 0 0 0 0 0 0 0 0 0 0 0 0 0 0 0 0 0 0 0 0 0 0 0 0 1 1 1 1 1 1 1 1 1 1 1 1 1 1 1 1 1 1 1 1 1 1 1 1 1 1 1 1 1 1 1 1 1 1 1 1 1 1 1 1 1 1 1 1 1 1
2,"[CLS] local significance , i . e . relevant only on the originating or terminating access 2 . access significance , i . e . [SEP] relevant in the originating and terminating access , but not in the network 3 . dual significance , i . e . relevant in either the originating or terminating access and in the network ; or 4 . [SEP]",1 1 1 1 1 1 1 1 1 1 1 1 1 1 1 1 1 1 1 1 1 1 1 1 1 1 1 1 1 1 1 1 1 1 1 1 1 1 1 1 1 1 1 1 1 1 1 1 1 1 1 1 1 1 1 1 1 1 1 1 1 1 1 1 1,0 0 0 0 0 0 0 0 0 0 0 0 0 0 0 0 0 0 0 0 0 0 0 0 0 0 1 1 1 1 1 1 1 1 1 1 1 1 1 1 1 1 1 1 1 1 1 1 1 1 1 1 1 1 1 1 1 1 1 1 1 1 1 1 1
2,[CLS] this message is sent by the network to the u ##e to indicate that the corresponding attach request has been accepted . see table 8 . 2 . 1 . 1 message type : attach accept direction : network to u ##e . [SEP] this message is sent by the u ##e to the network in response to an attach accept message . see table 8 . 2 . 2 . 1 message type : attach complete direction : u ##e to network . [SEP],1 1 1 1 1 1 1 1 1 1 1 1 1 1 1 1 1 1 1 1 1 1 1 1 1 1 1 1 1 1 1 1 1 1 1 1 1 1 1 1 1 1 1 1 1 1 1 1 1 1 1 1 1 1 1 1 1 1 1 1 1 1 1 1 1 1 1 1 1 1 1 1 1 1 1 1 1 1 1 1 1 1 1 1 1 1,0 0 0 0 0 0 0 0 0 0 0 0 0 0 0 0 0 0 0 0 0 0 0 0 0 0 0 0 0 0 0 0 0 0 0 0 0 0 0 0 0 0 0 0 0 1 1 1 1 1 1 1 1 1 1 1 1 1 1 1 1 1 1 1 1 1 1 1 1 1 1 1 1 1 1 1 1 1 1 1 1 1 1 1 1 1
2,[CLS] this message is sent by the network to the u ##e to indicate that the corresponding attach request has been accepted . see table 8 . 2 . 1 . 1 message type : attach accept direction : network to u ##e . [SEP] this message is sent by the u ##e to the network in order to perform an attach procedure . see table 8 . 2 . 4 . 1 message type : attach request direction : u ##e to network . [SEP],1 1 1 1 1 1 1 1 1 1 1 1 1 1 1 1 1 1 1 1 1 1 1 1 1 1 1 1 1 1 1 1 1 1 1 1 1 1 1 1 1 1 1 1 1 1 1 1 1 1 1 1 1 1 1 1 1 1 1 1 1 1 1 1 1 1 1 1 1 1 1 1 1 1 1 1 1 1 1 1 1 1 1 1 1 1,0 0 0 0 0 0 0 0 0 0 0 0 0 0 0 0 0 0 0 0 0 0 0 0 0 0 0 0 0 0 0 0 0 0 0 0 0 0 0 0 0 0 0 0 0 1 1 1 1 1 1 1 1 1 1 1 1 1 1 1 1 1 1 1 1 1 1 1 1 1 1 1 1 1 1 1 1 1 1 1 1 1 1 1 1 1
2,[CLS] the network shall include the t ##33 ##24 value ie if the u ##e included the t ##33 ##24 value ie in the attach request message ; and the network supports ps ##m and accepts the use of ps ##m . [SEP] the network shall include the t ##33 ##24 value ie if the u ##e included the t ##33 ##24 value ie in the tracking area update request message ; and the network supports ps ##m and accepts the use of ps ##m . [SEP],1 1 1 1 1 1 1 1 1 1 1 1 1 1 1 1 1 1 1 1 1 1 1 1 1 1 1 1 1 1 1 1 1 1 1 1 1 1 1 1 1 1 1 1 1 1 1 1 1 1 1 1 1 1 1 1 1 1 1 1 1 1 1 1 1 1 1 1 1 1 1 1 1 1 1 1 1 1 1 1 1 1 1 1 1 1 1,0 0 0 0 0 0 0 0 0 0 0 0 0 0 0 0 0 0 0 0 0 0 0 0 0 0 0 0 0 0 0 0 0 0 0 0 0 0 0 0 0 0 0 1 1 1 1 1 1 1 1 1 1 1 1 1 1 1 1 1 1 1 1 1 1 1 1 1 1 1 1 1 1 1 1 1 1 1 1 1 1 1 1 1 1 1 1
2,[CLS] the network shall include the extended dr ##x parameters ie if the u ##e included the extended dr ##x parameters ie in the attach request message ; and the network supports ed ##r ##x and accepts the use of ed ##r ##x . [SEP] the network shall include the extended dr ##x parameters ie if the u ##e included the extended dr ##x parameters ie in the tracking area update request message ; and the network supports ed ##r ##x and accepts the use of ed ##r ##x . [SEP],1 1 1 1 1 1 1 1 1 1 1 1 1 1 1 1 1 1 1 1 1 1 1 1 1 1 1 1 1 1 1 1 1 1 1 1 1 1 1 1 1 1 1 1 1 1 1 1 1 1 1 1 1 1 1 1 1 1 1 1 1 1 1 1 1 1 1 1 1 1 1 1 1 1 1 1 1 1 1 1 1 1 1 1 1 1 1 1 1 1 1,0 0 0 0 0 0 0 0 0 0 0 0 0 0 0 0 0 0 0 0 0 0 0 0 0 0 0 0 0 0 0 0 0 0 0 0 0 0 0 0 0 0 0 0 0 1 1 1 1 1 1 1 1 1 1 1 1 1 1 1 1 1 1 1 1 1 1 1 1 1 1 1 1 1 1 1 1 1 1 1 1 1 1 1 1 1 1 1 1 1 1
2,[CLS] the network may include t ##34 ##47 value ie if the u ##e has indicated support for service gap control in the attach request message ; and the em ##m context contains a service gap time value . [SEP] the network may include t ##34 ##47 value ie if the u ##e has indicated support for service gap control in the tracking area update request messages ; and the em ##m context contains a service gap time value . [SEP],1 1 1 1 1 1 1 1 1 1 1 1 1 1 1 1 1 1 1 1 1 1 1 1 1 1 1 1 1 1 1 1 1 1 1 1 1 1 1 1 1 1 1 1 1 1 1 1 1 1 1 1 1 1 1 1 1 1 1 1 1 1 1 1 1 1 1 1 1 1 1 1 1 1 1 1 1 1 1 1 1,0 0 0 0 0 0 0 0 0 0 0 0 0 0 0 0 0 0 0 0 0 0 0 0 0 0 0 0 0 0 0 0 0 0 0 0 0 0 0 0 1 1 1 1 1 1 1 1 1 1 1 1 1 1 1 1 1 1 1 1 1 1 1 1 1 1 1 1 1 1 1 1 1 1 1 1 1 1 1 1 1
2,[CLS] this ie is included if the network needs to send cipher ##ing key data to the u ##e for cipher ##ed broadcast assistance data . [SEP] the u ##e shall include this ie if the u ##e supports cipher ##ed broadcast assistance data and the u ##e needs to obtain new cipher ##ing keys for cipher ##ed broadcast assistance data . [SEP],1 1 1 1 1 1 1 1 1 1 1 1 1 1 1 1 1 1 1 1 1 1 1 1 1 1 1 1 1 1 1 1 1 1 1 1 1 1 1 1 1 1 1 1 1 1 1 1 1 1 1 1 1 1 1 1 1 1 1 1 1 1 1,0 0 0 0 0 0 0 0 0 0 0 0 0 0 0 0 0 0 0 0 0 0 0 0 0 0 0 1 1 1 1 1 1 1 1 1 1 1 1 1 1 1 1 1 1 1 1 1 1 1 1 1 1 1 1 1 1 1 1 1 1 1 1
2,[CLS] this ie is included if the network needs to send cipher ##ing key data to the u ##e for cipher ##ed broadcast assistance data . [SEP] the u ##e shall include this ie if the u ##e supports cipher ##ed broadcast assistance data and the u ##e needs to obtain new cipher ##ing keys for cipher ##ed broadcast assistance data . [SEP],1 1 1 1 1 1 1 1 1 1 1 1 1 1 1 1 1 1 1 1 1 1 1 1 1 1 1 1 1 1 1 1 1 1 1 1 1 1 1 1 1 1 1 1 1 1 1 1 1 1 1 1 1 1 1 1 1 1 1 1 1 1 1,0 0 0 0 0 0 0 0 0 0 0 0 0 0 0 0 0 0 0 0 0 0 0 0 0 0 0 1 1 1 1 1 1 1 1 1 1 1 1 1 1 1 1 1 1 1 1 1 1 1 1 1 1 1 1 1 1 1 1 1 1 1 1
2,[CLS] the network shall include the negotiated wu ##s assistance information ie if the u ##e supports wu ##s assistance the mm ##e supports and accepts the use of wu ##s assistance ; and the u ##e is not attach ##ing for emergency bearer services . [SEP] the u ##e may include this ie if it supports wu ##s assistance and it is not attach ##ing for emergency bearer services . [SEP],1 1 1 1 1 1 1 1 1 1 1 1 1 1 1 1 1 1 1 1 1 1 1 1 1 1 1 1 1 1 1 1 1 1 1 1 1 1 1 1 1 1 1 1 1 1 1 1 1 1 1 1 1 1 1 1 1 1 1 1 1 1 1 1 1 1 1 1 1 1 1 1,0 0 0 0 0 0 0 0 0 0 0 0 0 0 0 0 0 0 0 0 0 0 0 0 0 0 0 0 0 0 0 0 0 0 0 0 0 0 0 0 0 0 0 0 0 0 0 1 1 1 1 1 1 1 1 1 1 1 1 1 1 1 1 1 1 1 1 1 1 1 1 1
2,[CLS] the network shall include the negotiated wu ##s assistance information ie if the u ##e supports wu ##s assistance the mm ##e supports and accepts the use of wu ##s assistance ; and the u ##e is not attach ##ing for emergency bearer services . [SEP] the u ##e may include this ie if it supports wu ##s assistance and it is not attach ##ing for emergency bearer services . [SEP],1 1 1 1 1 1 1 1 1 1 1 1 1 1 1 1 1 1 1 1 1 1 1 1 1 1 1 1 1 1 1 1 1 1 1 1 1 1 1 1 1 1 1 1 1 1 1 1 1 1 1 1 1 1 1 1 1 1 1 1 1 1 1 1 1 1 1 1 1 1 1 1,0 0 0 0 0 0 0 0 0 0 0 0 0 0 0 0 0 0 0 0 0 0 0 0 0 0 0 0 0 0 0 0 0 0 0 0 0 0 0 0 0 0 0 0 0 0 0 1 1 1 1 1 1 1 1 1 1 1 1 1 1 1 1 1 1 1 1 1 1 1 1 1
2,[CLS] the network shall include the negotiated dr ##x parameter in n ##b - s ##1 mode ie if the u ##e has included the dr ##x parameter in n ##b - s ##1 mode ie in the attach request message . [SEP] the network shall include the negotiated dr ##x parameter in n ##b - s ##1 mode ie if the u ##e has included the dr ##x parameter in n ##b - s ##1 mode ie in the tracking area update request message . [SEP],1 1 1 1 1 1 1 1 1 1 1 1 1 1 1 1 1 1 1 1 1 1 1 1 1 1 1 1 1 1 1 1 1 1 1 1 1 1 1 1 1 1 1 1 1 1 1 1 1 1 1 1 1 1 1 1 1 1 1 1 1 1 1 1 1 1 1 1 1 1 1 1 1 1 1 1 1 1 1 1 1 1 1 1 1 1 1,0 0 0 0 0 0 0 0 0 0 0 0 0 0 0 0 0 0 0 0 0 0 0 0 0 0 0 0 0 0 0 0 0 0 0 0 0 0 0 0 0 0 0 1 1 1 1 1 1 1 1 1 1 1 1 1 1 1 1 1 1 1 1 1 1 1 1 1 1 1 1 1 1 1 1 1 1 1 1 1 1 1 1 1 1 1 1
2,[CLS] the network shall include the negotiated im ##si offset ie if the network supports pa ##ging timing collision control and the mu ##si ##m u ##e has included the requested im ##si offset ie in the attach request message . [SEP] the network shall include the negotiated im ##si offset ie if the network supports pa ##ging timing collision control and the mu ##si ##m u ##e has included the requested im ##si offset ie in the tracking area update request message . [SEP],1 1 1 1 1 1 1 1 1 1 1 1 1 1 1 1 1 1 1 1 1 1 1 1 1 1 1 1 1 1 1 1 1 1 1 1 1 1 1 1 1 1 1 1 1 1 1 1 1 1 1 1 1 1 1 1 1 1 1 1 1 1 1 1 1 1 1 1 1 1 1 1 1 1 1 1 1 1 1 1 1 1 1 1 1,0 0 0 0 0 0 0 0 0 0 0 0 0 0 0 0 0 0 0 0 0 0 0 0 0 0 0 0 0 0 0 0 0 0 0 0 0 0 0 0 0 0 1 1 1 1 1 1 1 1 1 1 1 1 1 1 1 1 1 1 1 1 1 1 1 1 1 1 1 1 1 1 1 1 1 1 1 1 1 1 1 1 1 1 1
2,[CLS] this message is sent by the u ##e to the network in response to an attach accept message . see table 8 . 2 . 2 . 1 message type : attach complete direction : u ##e to network . [SEP] this message is sent by the u ##e to the network in order to perform an attach procedure . see table 8 . 2 . 4 . 1 message type : attach request direction : u ##e to network . [SEP],1 1 1 1 1 1 1 1 1 1 1 1 1 1 1 1 1 1 1 1 1 1 1 1 1 1 1 1 1 1 1 1 1 1 1 1 1 1 1 1 1 1 1 1 1 1 1 1 1 1 1 1 1 1 1 1 1 1 1 1 1 1 1 1 1 1 1 1 1 1 1 1 1 1 1 1 1 1 1 1 1 1 1,0 0 0 0 0 0 0 0 0 0 0 0 0 0 0 0 0 0 0 0 0 0 0 0 0 0 0 0 0 0 0 0 0 0 0 0 0 0 0 0 0 0 1 1 1 1 1 1 1 1 1 1 1 1 1 1 1 1 1 1 1 1 1 1 1 1 1 1 1 1 1 1 1 1 1 1 1 1 1 1 1 1 1
2,[CLS] this message is sent by the u ##e to the network in response to an attach accept message . see table 8 . 2 . 2 . 1 message type : attach complete direction : u ##e to network . [SEP] this message is sent by the u ##e to the network in response to a security mode command message . see table 8 . 2 . 21 . 1 message type : security mode complete direction : u ##e to network . [SEP],1 1 1 1 1 1 1 1 1 1 1 1 1 1 1 1 1 1 1 1 1 1 1 1 1 1 1 1 1 1 1 1 1 1 1 1 1 1 1 1 1 1 1 1 1 1 1 1 1 1 1 1 1 1 1 1 1 1 1 1 1 1 1 1 1 1 1 1 1 1 1 1 1 1 1 1 1 1 1 1 1 1 1 1 1,0 0 0 0 0 0 0 0 0 0 0 0 0 0 0 0 0 0 0 0 0 0 0 0 0 0 0 0 0 0 0 0 0 0 0 0 0 0 0 0 0 0 1 1 1 1 1 1 1 1 1 1 1 1 1 1 1 1 1 1 1 1 1 1 1 1 1 1 1 1 1 1 1 1 1 1 1 1 1 1 1 1 1 1 1
2,[CLS] the mm ##e may include this ie when the nas level mobility management congestion control is active . [SEP] the mm ##e may include this ie when the general nas level mobility management congestion control is active . [SEP],1 1 1 1 1 1 1 1 1 1 1 1 1 1 1 1 1 1 1 1 1 1 1 1 1 1 1 1 1 1 1 1 1 1 1 1 1 1 1 1,0 0 0 0 0 0 0 0 0 0 0 0 0 0 0 0 0 0 0 0 1 1 1 1 1 1 1 1 1 1 1 1 1 1 1 1 1 1 1 1
2,[CLS] the mm ##e may include this ie when the nas level mobility management congestion control is active . [SEP] the mm ##e may include this ie when the general nas level mobility management congestion control is active . [SEP],1 1 1 1 1 1 1 1 1 1 1 1 1 1 1 1 1 1 1 1 1 1 1 1 1 1 1 1 1 1 1 1 1 1 1 1 1 1 1 1,0 0 0 0 0 0 0 0 0 0 0 0 0 0 0 0 0 0 0 0 1 1 1 1 1 1 1 1 1 1 1 1 1 1 1 1 1 1 1 1
2,"[CLS] a u ##e supporting a / gb mode or i ##u mode shall include this ie to indicate its capabilities to the network . [SEP] if the u ##e supports a / gb mode or i ##u mode or both , a network supporting mobility from s ##1 mode to a / gb mode or i ##u mode or both shall include this ie . [SEP]",1 1 1 1 1 1 1 1 1 1 1 1 1 1 1 1 1 1 1 1 1 1 1 1 1 1 1 1 1 1 1 1 1 1 1 1 1 1 1 1 1 1 1 1 1 1 1 1 1 1 1 1 1 1 1 1 1 1 1 1 1 1 1 1 1 1 1,0 0 0 0 0 0 0 0 0 0 0 0 0 0 0 0 0 0 0 0 0 0 0 0 0 0 1 1 1 1 1 1 1 1 1 1 1 1 1 1 1 1 1 1 1 1 1 1 1 1 1 1 1 1 1 1 1 1 1 1 1 1 1 1 1 1 1
2,"[CLS] a u ##e supporting a / gb mode or i ##u mode shall include this ie to indicate its capabilities to the network . [SEP] if the u ##e supports a / gb mode or i ##u mode or both , a network supporting mobility from s ##1 mode to a / gb mode or i ##u mode or both shall include this ie . [SEP]",1 1 1 1 1 1 1 1 1 1 1 1 1 1 1 1 1 1 1 1 1 1 1 1 1 1 1 1 1 1 1 1 1 1 1 1 1 1 1 1 1 1 1 1 1 1 1 1 1 1 1 1 1 1 1 1 1 1 1 1 1 1 1 1 1 1 1,0 0 0 0 0 0 0 0 0 0 0 0 0 0 0 0 0 0 0 0 0 0 0 0 0 0 1 1 1 1 1 1 1 1 1 1 1 1 1 1 1 1 1 1 1 1 1 1 1 1 1 1 1 1 1 1 1 1 1 1 1 1 1 1 1 1 1
2,[CLS] the u ##e shall include this ie during a combined attach procedure if it has a valid location area identification . [SEP] the u ##e shall include this ie during a combined tracking area up ##dating procedure if it has a valid location area identification . [SEP],1 1 1 1 1 1 1 1 1 1 1 1 1 1 1 1 1 1 1 1 1 1 1 1 1 1 1 1 1 1 1 1 1 1 1 1 1 1 1 1 1 1 1 1 1 1 1 1,0 0 0 0 0 0 0 0 0 0 0 0 0 0 0 0 0 0 0 0 0 0 0 1 1 1 1 1 1 1 1 1 1 1 1 1 1 1 1 1 1 1 1 1 1 1 1 1
2,[CLS] the u ##e shall include this ie during combined attach procedure if it has no valid t ##ms ##i available . [SEP] the u ##e shall include this ie during a combined attach procedure if it has a valid t ##ms ##i . [SEP],1 1 1 1 1 1 1 1 1 1 1 1 1 1 1 1 1 1 1 1 1 1 1 1 1 1 1 1 1 1 1 1 1 1 1 1 1 1 1 1 1 1 1 1 1,0 0 0 0 0 0 0 0 0 0 0 0 0 0 0 0 0 0 0 0 0 0 0 1 1 1 1 1 1 1 1 1 1 1 1 1 1 1 1 1 1 1 1 1 1
2,[CLS] the u ##e shall include this ie during combined attach procedure if it has no valid t ##ms ##i available . [SEP] the u ##e shall include this ie during a combined tracking area up ##dating procedure if it has no valid t ##ms ##i available . [SEP],1 1 1 1 1 1 1 1 1 1 1 1 1 1 1 1 1 1 1 1 1 1 1 1 1 1 1 1 1 1 1 1 1 1 1 1 1 1 1 1 1 1 1 1 1 1 1 1 1,0 0 0 0 0 0 0 0 0 0 0 0 0 0 0 0 0 0 0 0 0 0 0 1 1 1 1 1 1 1 1 1 1 1 1 1 1 1 1 1 1 1 1 1 1 1 1 1 1
2,[CLS] the u ##e shall include this ie during combined attach procedure if it has no valid t ##ms ##i available . [SEP] the u ##e shall include this ie if it has a valid t ##ms ##i . [SEP],1 1 1 1 1 1 1 1 1 1 1 1 1 1 1 1 1 1 1 1 1 1 1 1 1 1 1 1 1 1 1 1 1 1 1 1 1 1 1 1,0 0 0 0 0 0 0 0 0 0 0 0 0 0 0 0 0 0 0 0 0 0 0 1 1 1 1 1 1 1 1 1 1 1 1 1 1 1 1 1
2,"[CLS] the u ##e shall include this ie if the u ##e requests "" sms only "" or ci ##ot eps optimization ##s . [SEP] the u ##e shall include this ie if the u ##e requests "" sms only "" or ci ##ot eps optimization ##s , unless the u ##e performs a periodic tracking area up ##dating procedure . [SEP]",1 1 1 1 1 1 1 1 1 1 1 1 1 1 1 1 1 1 1 1 1 1 1 1 1 1 1 1 1 1 1 1 1 1 1 1 1 1 1 1 1 1 1 1 1 1 1 1 1 1 1 1 1 1 1 1 1 1 1 1 1 1,0 0 0 0 0 0 0 0 0 0 0 0 0 0 0 0 0 0 0 0 0 0 0 0 0 1 1 1 1 1 1 1 1 1 1 1 1 1 1 1 1 1 1 1 1 1 1 1 1 1 1 1 1 1 1 1 1 1 1 1 1 1
2,[CLS] this ie shall be included if the u ##e is configured for nas signalling low priority . [SEP] the u ##e shall include this ie if the u ##e is configured for nas signalling low priority . [SEP],1 1 1 1 1 1 1 1 1 1 1 1 1 1 1 1 1 1 1 1 1 1 1 1 1 1 1 1 1 1 1 1 1 1 1 1 1 1 1,0 0 0 0 0 0 0 0 0 0 0 0 0 0 0 0 0 0 0 1 1 1 1 1 1 1 1 1 1 1 1 1 1 1 1 1 1 1 1
2,[CLS] this ie shall be included if the u ##e is configured for nas signalling low priority . [SEP] the u ##e shall include this ie if the u ##e is configured for nas signalling low priority . [SEP],1 1 1 1 1 1 1 1 1 1 1 1 1 1 1 1 1 1 1 1 1 1 1 1 1 1 1 1 1 1 1 1 1 1 1 1 1 1 1,0 0 0 0 0 0 0 0 0 0 0 0 0 0 0 0 0 0 0 1 1 1 1 1 1 1 1 1 1 1 1 1 1 1 1 1 1 1 1
2,[CLS] this ie shall be included if the u ##e is configured for nas signalling low priority . [SEP] the u ##e shall include this ie if the u ##e is configured for nas signalling low priority . [SEP],1 1 1 1 1 1 1 1 1 1 1 1 1 1 1 1 1 1 1 1 1 1 1 1 1 1 1 1 1 1 1 1 1 1 1 1 1 1 1,0 0 0 0 0 0 0 0 0 0 0 0 0 0 0 0 0 0 0 1 1 1 1 1 1 1 1 1 1 1 1 1 1 1 1 1 1 1 1
2,[CLS] this ie shall be included if the u ##e is configured for nas signalling low priority . [SEP] the u ##e shall include this ie if the u ##e is configured for nas signalling low priority . [SEP],1 1 1 1 1 1 1 1 1 1 1 1 1 1 1 1 1 1 1 1 1 1 1 1 1 1 1 1 1 1 1 1 1 1 1 1 1 1 1,0 0 0 0 0 0 0 0 0 0 0 0 0 0 0 0 0 0 0 1 1 1 1 1 1 1 1 1 1 1 1 1 1 1 1 1 1 1 1
2,[CLS] this ie shall be included if the u ##e is configured for nas signalling low priority . [SEP] the u ##e shall include this ie if the u ##e is configured for nas signalling low priority . [SEP],1 1 1 1 1 1 1 1 1 1 1 1 1 1 1 1 1 1 1 1 1 1 1 1 1 1 1 1 1 1 1 1 1 1 1 1 1 1 1,0 0 0 0 0 0 0 0 0 0 0 0 0 0 0 0 0 0 0 1 1 1 1 1 1 1 1 1 1 1 1 1 1 1 1 1 1 1 1
2,[CLS] the u ##e shall include this ie during a combined attach procedure if it has a valid t ##ms ##i . [SEP] the u ##e shall include this ie during a combined tracking area up ##dating procedure if it has no valid t ##ms ##i available . [SEP],1 1 1 1 1 1 1 1 1 1 1 1 1 1 1 1 1 1 1 1 1 1 1 1 1 1 1 1 1 1 1 1 1 1 1 1 1 1 1 1 1 1 1 1 1 1 1 1 1,0 0 0 0 0 0 0 0 0 0 0 0 0 0 0 0 0 0 0 0 0 0 0 1 1 1 1 1 1 1 1 1 1 1 1 1 1 1 1 1 1 1 1 1 1 1 1 1 1
2,[CLS] the u ##e shall include this ie during a combined attach procedure if it has a valid t ##ms ##i . [SEP] the u ##e shall include this ie if it has a valid t ##ms ##i . [SEP],1 1 1 1 1 1 1 1 1 1 1 1 1 1 1 1 1 1 1 1 1 1 1 1 1 1 1 1 1 1 1 1 1 1 1 1 1 1 1 1,0 0 0 0 0 0 0 0 0 0 0 0 0 0 0 0 0 0 0 0 0 0 0 1 1 1 1 1 1 1 1 1 1 1 1 1 1 1 1 1
2,[CLS] the u ##e shall include this ie if the u ##e supports cipher ##ed broadcast assistance data and the u ##e needs to obtain new cipher ##ing keys for cipher ##ed broadcast assistance data . [SEP] this ie is included if the network needs to send cipher ##ing key data to the u ##e for cipher ##ed broadcast assistance data . [SEP],1 1 1 1 1 1 1 1 1 1 1 1 1 1 1 1 1 1 1 1 1 1 1 1 1 1 1 1 1 1 1 1 1 1 1 1 1 1 1 1 1 1 1 1 1 1 1 1 1 1 1 1 1 1 1 1 1 1 1 1 1 1 1,0 0 0 0 0 0 0 0 0 0 0 0 0 0 0 0 0 0 0 0 0 0 0 0 0 0 0 0 0 0 0 0 0 0 0 0 0 1 1 1 1 1 1 1 1 1 1 1 1 1 1 1 1 1 1 1 1 1 1 1 1 1 1
2,"[CLS] the u ##e shall include this ie if the u ##e supports n ##1 mode and needs to indicate the supported ci ##ot network behaviour for 5 ##gc ##n . [SEP] the u ##e shall include this ie if the u ##e supports n ##1 mode and needs to indicate the supported ci ##ot network behaviour for 5 ##gc ##n , unless the u ##e performs a periodic tracking area up ##dating procedure . [SEP]",1 1 1 1 1 1 1 1 1 1 1 1 1 1 1 1 1 1 1 1 1 1 1 1 1 1 1 1 1 1 1 1 1 1 1 1 1 1 1 1 1 1 1 1 1 1 1 1 1 1 1 1 1 1 1 1 1 1 1 1 1 1 1 1 1 1 1 1 1 1 1 1 1 1 1 1,0 0 0 0 0 0 0 0 0 0 0 0 0 0 0 0 0 0 0 0 0 0 0 0 0 0 0 0 0 0 0 0 1 1 1 1 1 1 1 1 1 1 1 1 1 1 1 1 1 1 1 1 1 1 1 1 1 1 1 1 1 1 1 1 1 1 1 1 1 1 1 1 1 1 1 1
2,[CLS] the u ##e may include this ie if it supports wu ##s assistance and it is not attach ##ing for emergency bearer services . [SEP] the network shall include the negotiated wu ##s assistance information ie if the u ##e supports wu ##s assistance the mm ##e supports and accepts the use of wu ##s assistance ; and the u ##e is not attach ##ing for emergency bearer services . [SEP],1 1 1 1 1 1 1 1 1 1 1 1 1 1 1 1 1 1 1 1 1 1 1 1 1 1 1 1 1 1 1 1 1 1 1 1 1 1 1 1 1 1 1 1 1 1 1 1 1 1 1 1 1 1 1 1 1 1 1 1 1 1 1 1 1 1 1 1 1 1 1 1,0 0 0 0 0 0 0 0 0 0 0 0 0 0 0 0 0 0 0 0 0 0 0 0 0 0 1 1 1 1 1 1 1 1 1 1 1 1 1 1 1 1 1 1 1 1 1 1 1 1 1 1 1 1 1 1 1 1 1 1 1 1 1 1 1 1 1 1 1 1 1 1
2,[CLS] this message is sent by the u ##e to the network to indicate that authentication of the network has failed . see table 8 . 2 . 5 . 1 message type : authentication failure direction : u ##e to network . [SEP] this message is sent by the network to the u ##e to indicate that the authentication procedure has failed and that the u ##e shall ab ##ort all activities . see table 8 . 2 . 6 . 1 message type : authentication reject direction : network to u ##e . [SEP],1 1 1 1 1 1 1 1 1 1 1 1 1 1 1 1 1 1 1 1 1 1 1 1 1 1 1 1 1 1 1 1 1 1 1 1 1 1 1 1 1 1 1 1 1 1 1 1 1 1 1 1 1 1 1 1 1 1 1 1 1 1 1 1 1 1 1 1 1 1 1 1 1 1 1 1 1 1 1 1 1 1 1 1 1 1 1 1 1 1 1 1 1 1 1 1,0 0 0 0 0 0 0 0 0 0 0 0 0 0 0 0 0 0 0 0 0 0 0 0 0 0 0 0 0 0 0 0 0 0 0 0 0 0 0 0 0 0 0 0 1 1 1 1 1 1 1 1 1 1 1 1 1 1 1 1 1 1 1 1 1 1 1 1 1 1 1 1 1 1 1 1 1 1 1 1 1 1 1 1 1 1 1 1 1 1 1 1 1 1 1 1
2,[CLS] this message is sent by the u ##e or by the network at any time to report certain error conditions listed in clause 7 . see table 8 . 2 . 14 . 1 message type : em ##m status . [SEP] this message is sent by the network or the u ##e to pass information on the status of the indicated eps bearer context and report certain error conditions ( e . g . as listed in clause 7 ) . see table 8 . 3 . 15 . 1 message type : es ##m status . [SEP],1 1 1 1 1 1 1 1 1 1 1 1 1 1 1 1 1 1 1 1 1 1 1 1 1 1 1 1 1 1 1 1 1 1 1 1 1 1 1 1 1 1 1 1 1 1 1 1 1 1 1 1 1 1 1 1 1 1 1 1 1 1 1 1 1 1 1 1 1 1 1 1 1 1 1 1 1 1 1 1 1 1 1 1 1 1 1 1 1 1 1 1 1 1 1 1 1 1 1 1,0 0 0 0 0 0 0 0 0 0 0 0 0 0 0 0 0 0 0 0 0 0 0 0 0 0 0 0 0 0 0 0 0 0 0 0 0 0 0 0 0 0 0 1 1 1 1 1 1 1 1 1 1 1 1 1 1 1 1 1 1 1 1 1 1 1 1 1 1 1 1 1 1 1 1 1 1 1 1 1 1 1 1 1 1 1 1 1 1 1 1 1 1 1 1 1 1 1 1 1
2,"[CLS] this ie shall be included if the u ##e wants to indicate the eps bearer contexts that are active within the u ##e . [SEP] the u ##e shall include this ie , if it wants to indicate the eps bearer contexts that are active within the u ##e . [SEP]",1 1 1 1 1 1 1 1 1 1 1 1 1 1 1 1 1 1 1 1 1 1 1 1 1 1 1 1 1 1 1 1 1 1 1 1 1 1 1 1 1 1 1 1 1 1 1 1 1 1 1 1,0 0 0 0 0 0 0 0 0 0 0 0 0 0 0 0 0 0 0 0 0 0 0 0 0 0 1 1 1 1 1 1 1 1 1 1 1 1 1 1 1 1 1 1 1 1 1 1 1 1 1 1
2,[CLS] the u ##e shall include this ie if the u ##e is configured for nas signalling low priority . [SEP] this ie shall be included if the u ##e is configured for nas signalling low priority . [SEP],1 1 1 1 1 1 1 1 1 1 1 1 1 1 1 1 1 1 1 1 1 1 1 1 1 1 1 1 1 1 1 1 1 1 1 1 1 1 1,0 0 0 0 0 0 0 0 0 0 0 0 0 0 0 0 0 0 0 0 0 1 1 1 1 1 1 1 1 1 1 1 1 1 1 1 1 1 1
2,[CLS] the u ##e shall include this ie if the mu ##si ##m u ##e requests the release of the nas signalling connection or rejects the pa ##ging request from the network . [SEP] the u ##e shall include this ie if the mu ##si ##m u ##e requests the release of the nas signalling connection . [SEP],1 1 1 1 1 1 1 1 1 1 1 1 1 1 1 1 1 1 1 1 1 1 1 1 1 1 1 1 1 1 1 1 1 1 1 1 1 1 1 1 1 1 1 1 1 1 1 1 1 1 1 1 1 1 1 1 1 1,0 0 0 0 0 0 0 0 0 0 0 0 0 0 0 0 0 0 0 0 0 0 0 0 0 0 0 0 0 0 0 0 0 0 1 1 1 1 1 1 1 1 1 1 1 1 1 1 1 1 1 1 1 1 1 1 1 1
2,"[CLS] the u ##e shall include this ie if the request type is set to "" nas signalling connection release "" or to "" rejection of pa ##ging "" in the u ##e request type ie and the u ##e requests the network to restrict pa ##ging . [SEP] the u ##e shall include this ie if the request type is set to "" nas signalling connection release "" in the u ##e request type ie and the u ##e requests the network to restrict pa ##ging . [SEP]",1 1 1 1 1 1 1 1 1 1 1 1 1 1 1 1 1 1 1 1 1 1 1 1 1 1 1 1 1 1 1 1 1 1 1 1 1 1 1 1 1 1 1 1 1 1 1 1 1 1 1 1 1 1 1 1 1 1 1 1 1 1 1 1 1 1 1 1 1 1 1 1 1 1 1 1 1 1 1 1 1 1 1 1 1 1 1 1 1,0 0 0 0 0 0 0 0 0 0 0 0 0 0 0 0 0 0 0 0 0 0 0 0 0 0 0 0 0 0 0 0 0 0 0 0 0 0 0 0 0 0 0 0 0 0 0 0 0 1 1 1 1 1 1 1 1 1 1 1 1 1 1 1 1 1 1 1 1 1 1 1 1 1 1 1 1 1 1 1 1 1 1 1 1 1 1 1 1
2,"[CLS] the mm ##e may include this information element to request the u ##e to send its im ##eis ##v with the corresponding security mode complete message . [SEP] the u ##e shall include this information element , if the im ##eis ##v was requested within the corresponding security mode command message . [SEP]",1 1 1 1 1 1 1 1 1 1 1 1 1 1 1 1 1 1 1 1 1 1 1 1 1 1 1 1 1 1 1 1 1 1 1 1 1 1 1 1 1 1 1 1 1 1 1 1 1 1 1 1 1 1,0 0 0 0 0 0 0 0 0 0 0 0 0 0 0 0 0 0 0 0 0 0 0 0 0 0 0 0 0 1 1 1 1 1 1 1 1 1 1 1 1 1 1 1 1 1 1 1 1 1 1 1 1 1
2,[CLS] the mm ##e may include this information element in wb - s ##1 mode to request the u ##e to send its u ##e radio capability id with the corresponding security mode complete message . [SEP] the u ##e shall include this information element in wb - s ##1 mode if the u ##e radio capability id was requested within the corresponding security mode command message . [SEP],1 1 1 1 1 1 1 1 1 1 1 1 1 1 1 1 1 1 1 1 1 1 1 1 1 1 1 1 1 1 1 1 1 1 1 1 1 1 1 1 1 1 1 1 1 1 1 1 1 1 1 1 1 1 1 1 1 1 1 1 1 1 1 1 1 1 1 1 1,0 0 0 0 0 0 0 0 0 0 0 0 0 0 0 0 0 0 0 0 0 0 0 0 0 0 0 0 0 0 0 0 0 0 0 0 0 1 1 1 1 1 1 1 1 1 1 1 1 1 1 1 1 1 1 1 1 1 1 1 1 1 1 1 1 1 1 1 1
2,[CLS] this message is sent by the u ##e to the network in response to a security mode command message . see table 8 . 2 . 21 . 1 message type : security mode complete direction : u ##e to network . [SEP] this message is sent by the u ##e to the network to indicate that the corresponding security mode command has been rejected . see table 8 . 2 . 22 . 1 message type : security mode reject direction : u ##e to network . [SEP],1 1 1 1 1 1 1 1 1 1 1 1 1 1 1 1 1 1 1 1 1 1 1 1 1 1 1 1 1 1 1 1 1 1 1 1 1 1 1 1 1 1 1 1 1 1 1 1 1 1 1 1 1 1 1 1 1 1 1 1 1 1 1 1 1 1 1 1 1 1 1 1 1 1 1 1 1 1 1 1 1 1 1 1 1 1 1 1 1 1,0 0 0 0 0 0 0 0 0 0 0 0 0 0 0 0 0 0 0 0 0 0 0 0 0 0 0 0 0 0 0 0 0 0 0 0 0 0 0 0 0 0 0 0 1 1 1 1 1 1 1 1 1 1 1 1 1 1 1 1 1 1 1 1 1 1 1 1 1 1 1 1 1 1 1 1 1 1 1 1 1 1 1 1 1 1 1 1 1 1
2,"[CLS] this ie shall be included if the network wants to indicate the eps bearer contexts that are active for the u ##e in the network . [SEP] the u ##e shall include this ie , if it wants to indicate the eps bearer contexts that are active within the u ##e . [SEP]",1 1 1 1 1 1 1 1 1 1 1 1 1 1 1 1 1 1 1 1 1 1 1 1 1 1 1 1 1 1 1 1 1 1 1 1 1 1 1 1 1 1 1 1 1 1 1 1 1 1 1 1 1 1,0 0 0 0 0 0 0 0 0 0 0 0 0 0 0 0 0 0 0 0 0 0 0 0 0 0 0 0 1 1 1 1 1 1 1 1 1 1 1 1 1 1 1 1 1 1 1 1 1 1 1 1 1 1
2,[CLS] this ie is included if the network needs to send cipher ##ing key data to the u ##e for cipher ##ed broadcast assistance data . [SEP] the u ##e shall include this ie if the u ##e supports cipher ##ed broadcast assistance data and the u ##e needs to obtain new cipher ##ing keys for cipher ##ed broadcast assistance data . [SEP],1 1 1 1 1 1 1 1 1 1 1 1 1 1 1 1 1 1 1 1 1 1 1 1 1 1 1 1 1 1 1 1 1 1 1 1 1 1 1 1 1 1 1 1 1 1 1 1 1 1 1 1 1 1 1 1 1 1 1 1 1 1 1,0 0 0 0 0 0 0 0 0 0 0 0 0 0 0 0 0 0 0 0 0 0 0 0 0 0 0 1 1 1 1 1 1 1 1 1 1 1 1 1 1 1 1 1 1 1 1 1 1 1 1 1 1 1 1 1 1 1 1 1 1 1 1
2,[CLS] the network shall include the negotiated wu ##s assistance information ie if the u ##e supports wu ##s assistance the mm ##e supports and accepts the use of wu ##s assistance ; and the u ##e is not attach ##ing for emergency bearer services . [SEP] the u ##e may include this ie if it supports wu ##s assistance and it is not attach ##ing for emergency bearer services . [SEP],1 1 1 1 1 1 1 1 1 1 1 1 1 1 1 1 1 1 1 1 1 1 1 1 1 1 1 1 1 1 1 1 1 1 1 1 1 1 1 1 1 1 1 1 1 1 1 1 1 1 1 1 1 1 1 1 1 1 1 1 1 1 1 1 1 1 1 1 1 1 1 1,0 0 0 0 0 0 0 0 0 0 0 0 0 0 0 0 0 0 0 0 0 0 0 0 0 0 0 0 0 0 0 0 0 0 0 0 0 0 0 0 0 0 0 0 0 0 0 1 1 1 1 1 1 1 1 1 1 1 1 1 1 1 1 1 1 1 1 1 1 1 1 1
2,"[CLS] the u ##e shall include this ie if the u ##e performs an a / gb mode or i ##u mode to s ##1 mode inter - system change in em ##m - idle mode and the tin indicates "" p - t ##ms ##i "" . [SEP] this ie is included if the u ##e performs an a / gb mode or i ##u mode to s ##1 mode inter - system change in idle mode and the tin is set to "" p - t ##ms ##i "" . [SEP]",1 1 1 1 1 1 1 1 1 1 1 1 1 1 1 1 1 1 1 1 1 1 1 1 1 1 1 1 1 1 1 1 1 1 1 1 1 1 1 1 1 1 1 1 1 1 1 1 1 1 1 1 1 1 1 1 1 1 1 1 1 1 1 1 1 1 1 1 1 1 1 1 1 1 1 1 1 1 1 1 1 1 1 1 1 1 1 1 1 1 1 1 1,0 0 0 0 0 0 0 0 0 0 0 0 0 0 0 0 0 0 0 0 0 0 0 0 0 0 0 0 0 0 0 0 0 0 0 0 0 0 0 0 0 0 0 0 0 0 0 0 0 1 1 1 1 1 1 1 1 1 1 1 1 1 1 1 1 1 1 1 1 1 1 1 1 1 1 1 1 1 1 1 1 1 1 1 1 1 1 1 1 1 1 1 1
2,"[CLS] the u ##e shall include this ie if the tin indicates "" p - t ##ms ##i "" and the u ##e holds a valid p - t ##ms ##i signature , p - t ##ms ##i and rai . [SEP] the u ##e shall include this ie a ) if the tin indicates "" p - t ##ms ##i "" and the u ##e holds a valid gut ##i , p - t ##ms ##i and rai ; or b ) if the u ##e performs an n ##1 mode to s ##1 mode inter - system change and the u ##e holds a valid gut ##i . [SEP]",1 1 1 1 1 1 1 1 1 1 1 1 1 1 1 1 1 1 1 1 1 1 1 1 1 1 1 1 1 1 1 1 1 1 1 1 1 1 1 1 1 1 1 1 1 1 1 1 1 1 1 1 1 1 1 1 1 1 1 1 1 1 1 1 1 1 1 1 1 1 1 1 1 1 1 1 1 1 1 1 1 1 1 1 1 1 1 1 1 1 1 1 1 1 1 1 1 1 1 1 1 1 1 1 1 1 1 1 1 1 1,0 0 0 0 0 0 0 0 0 0 0 0 0 0 0 0 0 0 0 0 0 0 0 0 0 0 0 0 0 0 0 0 0 0 0 0 0 0 0 0 0 0 1 1 1 1 1 1 1 1 1 1 1 1 1 1 1 1 1 1 1 1 1 1 1 1 1 1 1 1 1 1 1 1 1 1 1 1 1 1 1 1 1 1 1 1 1 1 1 1 1 1 1 1 1 1 1 1 1 1 1 1 1 1 1 1 1 1 1 1 1
2,"[CLS] the u ##e shall include this ie , unless the u ##e performs a periodic tracking area up ##dating procedure . [SEP] a u ##e supporting a / gb mode or i ##u mode shall include this ie , unless the u ##e performs a periodic tracking area up ##dating procedure . [SEP]",1 1 1 1 1 1 1 1 1 1 1 1 1 1 1 1 1 1 1 1 1 1 1 1 1 1 1 1 1 1 1 1 1 1 1 1 1 1 1 1 1 1 1 1 1 1 1 1 1 1 1 1 1 1,0 0 0 0 0 0 0 0 0 0 0 0 0 0 0 0 0 0 0 0 0 0 0 1 1 1 1 1 1 1 1 1 1 1 1 1 1 1 1 1 1 1 1 1 1 1 1 1 1 1 1 1 1 1
2,"[CLS] the u ##e shall include this ie , unless the u ##e performs a periodic tracking area up ##dating procedure . [SEP] the u ##e shall include this ie if the u ##e requests "" sms only "" or ci ##ot eps optimization ##s , unless the u ##e performs a periodic tracking area up ##dating procedure . [SEP]",1 1 1 1 1 1 1 1 1 1 1 1 1 1 1 1 1 1 1 1 1 1 1 1 1 1 1 1 1 1 1 1 1 1 1 1 1 1 1 1 1 1 1 1 1 1 1 1 1 1 1 1 1 1 1 1 1 1 1 1,0 0 0 0 0 0 0 0 0 0 0 0 0 0 0 0 0 0 0 0 0 0 0 1 1 1 1 1 1 1 1 1 1 1 1 1 1 1 1 1 1 1 1 1 1 1 1 1 1 1 1 1 1 1 1 1 1 1 1 1
2,"[CLS] this ie shall be included if the u ##e wants to indicate the eps bearer contexts that are active within the u ##e . [SEP] the u ##e shall include this ie , if it wants to indicate the eps bearer contexts that are active within the u ##e . [SEP]",1 1 1 1 1 1 1 1 1 1 1 1 1 1 1 1 1 1 1 1 1 1 1 1 1 1 1 1 1 1 1 1 1 1 1 1 1 1 1 1 1 1 1 1 1 1 1 1 1 1 1 1,0 0 0 0 0 0 0 0 0 0 0 0 0 0 0 0 0 0 0 0 0 0 0 0 0 0 1 1 1 1 1 1 1 1 1 1 1 1 1 1 1 1 1 1 1 1 1 1 1 1 1 1
2,[CLS] this ie shall be included if the u ##e is configured for nas signalling low priority . [SEP] the u ##e shall include this ie if the u ##e is configured for nas signalling low priority . [SEP],1 1 1 1 1 1 1 1 1 1 1 1 1 1 1 1 1 1 1 1 1 1 1 1 1 1 1 1 1 1 1 1 1 1 1 1 1 1 1,0 0 0 0 0 0 0 0 0 0 0 0 0 0 0 0 0 0 0 1 1 1 1 1 1 1 1 1 1 1 1 1 1 1 1 1 1 1 1
2,[CLS] this ie shall be included if the u ##e is configured for nas signalling low priority . [SEP] the u ##e shall include this ie if the u ##e is configured for nas signalling low priority . [SEP],1 1 1 1 1 1 1 1 1 1 1 1 1 1 1 1 1 1 1 1 1 1 1 1 1 1 1 1 1 1 1 1 1 1 1 1 1 1 1,0 0 0 0 0 0 0 0 0 0 0 0 0 0 0 0 0 0 0 1 1 1 1 1 1 1 1 1 1 1 1 1 1 1 1 1 1 1 1
2,[CLS] this ie shall be included if the u ##e is configured for nas signalling low priority . [SEP] the u ##e shall include this ie if the u ##e is configured for nas signalling low priority . [SEP],1 1 1 1 1 1 1 1 1 1 1 1 1 1 1 1 1 1 1 1 1 1 1 1 1 1 1 1 1 1 1 1 1 1 1 1 1 1 1,0 0 0 0 0 0 0 0 0 0 0 0 0 0 0 0 0 0 0 1 1 1 1 1 1 1 1 1 1 1 1 1 1 1 1 1 1 1 1
2,[CLS] this ie shall be included if the u ##e is configured for nas signalling low priority . [SEP] the u ##e shall include this ie if the u ##e is configured for nas signalling low priority . [SEP],1 1 1 1 1 1 1 1 1 1 1 1 1 1 1 1 1 1 1 1 1 1 1 1 1 1 1 1 1 1 1 1 1 1 1 1 1 1 1,0 0 0 0 0 0 0 0 0 0 0 0 0 0 0 0 0 0 0 1 1 1 1 1 1 1 1 1 1 1 1 1 1 1 1 1 1 1 1
2,[CLS] the u ##e shall include this ie if the mu ##si ##m u ##e requests the release of the nas signalling connection . [SEP] the u ##e shall include this ie if the mu ##si ##m u ##e requests the release of the nas signalling connection or rejects the pa ##ging request from the network . [SEP],1 1 1 1 1 1 1 1 1 1 1 1 1 1 1 1 1 1 1 1 1 1 1 1 1 1 1 1 1 1 1 1 1 1 1 1 1 1 1 1 1 1 1 1 1 1 1 1 1 1 1 1 1 1 1 1 1 1,0 0 0 0 0 0 0 0 0 0 0 0 0 0 0 0 0 0 0 0 0 0 0 0 0 1 1 1 1 1 1 1 1 1 1 1 1 1 1 1 1 1 1 1 1 1 1 1 1 1 1 1 1 1 1 1 1 1
2,"[CLS] the u ##e shall include this ie if the request type is set to "" nas signalling connection release "" in the u ##e request type ie and the u ##e requests the network to restrict pa ##ging . [SEP] the u ##e shall include this ie if the request type is set to "" nas signalling connection release "" or to "" rejection of pa ##ging "" in the u ##e request type ie and the u ##e requests the network to restrict pa ##ging . [SEP]",1 1 1 1 1 1 1 1 1 1 1 1 1 1 1 1 1 1 1 1 1 1 1 1 1 1 1 1 1 1 1 1 1 1 1 1 1 1 1 1 1 1 1 1 1 1 1 1 1 1 1 1 1 1 1 1 1 1 1 1 1 1 1 1 1 1 1 1 1 1 1 1 1 1 1 1 1 1 1 1 1 1 1 1 1 1 1 1 1,0 0 0 0 0 0 0 0 0 0 0 0 0 0 0 0 0 0 0 0 0 0 0 0 0 0 0 0 0 0 0 0 0 0 0 0 0 0 0 0 0 1 1 1 1 1 1 1 1 1 1 1 1 1 1 1 1 1 1 1 1 1 1 1 1 1 1 1 1 1 1 1 1 1 1 1 1 1 1 1 1 1 1 1 1 1 1 1 1
2,[CLS] this message is sent by the u ##e to the network in order to carry an sms message in en ##cap ##sul ##ated format . see table 8 . 2 . 30 . 1 message type : up ##link nas transport direction : u ##e to network . [SEP] this message is sent by the u ##e or the network in order to carry user data in an en ##cap ##sul ##ated format . see table 8 . 3 . 25 . 1 message type : es ##m data transport . [SEP],1 1 1 1 1 1 1 1 1 1 1 1 1 1 1 1 1 1 1 1 1 1 1 1 1 1 1 1 1 1 1 1 1 1 1 1 1 1 1 1 1 1 1 1 1 1 1 1 1 1 1 1 1 1 1 1 1 1 1 1 1 1 1 1 1 1 1 1 1 1 1 1 1 1 1 1 1 1 1 1 1 1 1 1 1 1 1 1 1 1 1 1 1,0 0 0 0 0 0 0 0 0 0 0 0 0 0 0 0 0 0 0 0 0 0 0 0 0 0 0 0 0 0 0 0 0 0 0 0 0 0 0 0 0 0 0 0 0 0 0 0 0 0 1 1 1 1 1 1 1 1 1 1 1 1 1 1 1 1 1 1 1 1 1 1 1 1 1 1 1 1 1 1 1 1 1 1 1 1 1 1 1 1 1 1 1
2,"[CLS] the u ##e shall include this ie , if it wants to indicate the eps bearer contexts that are active within the u ##e . [SEP] this ie shall be included if the network wants to indicate the eps bearer contexts that are active for the u ##e in the network . [SEP]",1 1 1 1 1 1 1 1 1 1 1 1 1 1 1 1 1 1 1 1 1 1 1 1 1 1 1 1 1 1 1 1 1 1 1 1 1 1 1 1 1 1 1 1 1 1 1 1 1 1 1 1 1 1,0 0 0 0 0 0 0 0 0 0 0 0 0 0 0 0 0 0 0 0 0 0 0 0 0 0 0 1 1 1 1 1 1 1 1 1 1 1 1 1 1 1 1 1 1 1 1 1 1 1 1 1 1 1
2,[CLS] this message is sent by u ##e to the network to reject activation of a dedicated eps bearer context . see table 8 . 3 . 2 . 1 message type : activate dedicated eps bearer context reject direction : u ##e to network . [SEP] this message is sent by u ##e to the network to reject activation of a default eps bearer context . see table 8 . 3 . 5 . 1 message type : activate default eps bearer context reject direction : u ##e to network . [SEP],1 1 1 1 1 1 1 1 1 1 1 1 1 1 1 1 1 1 1 1 1 1 1 1 1 1 1 1 1 1 1 1 1 1 1 1 1 1 1 1 1 1 1 1 1 1 1 1 1 1 1 1 1 1 1 1 1 1 1 1 1 1 1 1 1 1 1 1 1 1 1 1 1 1 1 1 1 1 1 1 1 1 1 1 1 1 1 1 1 1 1 1 1,0 0 0 0 0 0 0 0 0 0 0 0 0 0 0 0 0 0 0 0 0 0 0 0 0 0 0 0 0 0 0 0 0 0 0 0 0 0 0 0 0 0 0 0 0 0 0 1 1 1 1 1 1 1 1 1 1 1 1 1 1 1 1 1 1 1 1 1 1 1 1 1 1 1 1 1 1 1 1 1 1 1 1 1 1 1 1 1 1 1 1 1 1
2,"[CLS] if the u ##e supports a / gb mode or i ##u mode or both , a network supporting mobility from s ##1 mode to a / gb mode or i ##u mode or both shall include this ie . [SEP] if the u ##e supports a / gb mode or i ##u mode or both , a network supporting mobility from s ##1 mode to a / gb mode or i ##u mode or both shall include the corresponding r ##9 ##9 q ##os parameter values of a pd ##p context . [SEP]",1 1 1 1 1 1 1 1 1 1 1 1 1 1 1 1 1 1 1 1 1 1 1 1 1 1 1 1 1 1 1 1 1 1 1 1 1 1 1 1 1 1 1 1 1 1 1 1 1 1 1 1 1 1 1 1 1 1 1 1 1 1 1 1 1 1 1 1 1 1 1 1 1 1 1 1 1 1 1 1 1 1 1 1 1 1 1 1 1 1 1 1 1 1 1,0 0 0 0 0 0 0 0 0 0 0 0 0 0 0 0 0 0 0 0 0 0 0 0 0 0 0 0 0 0 0 0 0 0 0 0 0 0 0 0 0 0 1 1 1 1 1 1 1 1 1 1 1 1 1 1 1 1 1 1 1 1 1 1 1 1 1 1 1 1 1 1 1 1 1 1 1 1 1 1 1 1 1 1 1 1 1 1 1 1 1 1 1 1 1
2,"[CLS] if the u ##e supports a / gb mode or i ##u mode or both , a network supporting mobility from s ##1 mode to a / gb mode or i ##u mode or both shall include this ie . [SEP] if the u ##e supports a / gb mode , a network supporting mobility from s ##1 mode to a / gb mode shall include this ie . [SEP]",1 1 1 1 1 1 1 1 1 1 1 1 1 1 1 1 1 1 1 1 1 1 1 1 1 1 1 1 1 1 1 1 1 1 1 1 1 1 1 1 1 1 1 1 1 1 1 1 1 1 1 1 1 1 1 1 1 1 1 1 1 1 1 1 1 1 1 1 1 1 1,0 0 0 0 0 0 0 0 0 0 0 0 0 0 0 0 0 0 0 0 0 0 0 0 0 0 0 0 0 0 0 0 0 0 0 0 0 0 0 0 0 0 1 1 1 1 1 1 1 1 1 1 1 1 1 1 1 1 1 1 1 1 1 1 1 1 1 1 1 1 1
2,"[CLS] if the u ##e supports a / gb mode or i ##u mode or both , a network supporting mobility from s ##1 mode to a / gb mode or i ##u mode or both shall include this ie . [SEP] if the u ##e supports a / gb mode , a network supporting mobility from s ##1 mode to a / gb mode shall include this ie . [SEP]",1 1 1 1 1 1 1 1 1 1 1 1 1 1 1 1 1 1 1 1 1 1 1 1 1 1 1 1 1 1 1 1 1 1 1 1 1 1 1 1 1 1 1 1 1 1 1 1 1 1 1 1 1 1 1 1 1 1 1 1 1 1 1 1 1 1 1 1 1 1 1,0 0 0 0 0 0 0 0 0 0 0 0 0 0 0 0 0 0 0 0 0 0 0 0 0 0 0 0 0 0 0 0 0 0 0 0 0 0 0 0 0 0 1 1 1 1 1 1 1 1 1 1 1 1 1 1 1 1 1 1 1 1 1 1 1 1 1 1 1 1 1
2,"[CLS] if the u ##e supports a / gb mode or i ##u mode or both , a network supporting mobility from s ##1 mode to a / gb mode or i ##u mode or both shall include this ie . [SEP] if the u ##e supports a / gb mode or i ##u mode or both , a network supporting mobility from s ##1 mode to a / gb mode or i ##u mode or both shall include the corresponding r ##9 ##9 q ##os parameter values of a pd ##p context . [SEP]",1 1 1 1 1 1 1 1 1 1 1 1 1 1 1 1 1 1 1 1 1 1 1 1 1 1 1 1 1 1 1 1 1 1 1 1 1 1 1 1 1 1 1 1 1 1 1 1 1 1 1 1 1 1 1 1 1 1 1 1 1 1 1 1 1 1 1 1 1 1 1 1 1 1 1 1 1 1 1 1 1 1 1 1 1 1 1 1 1 1 1 1 1 1 1,0 0 0 0 0 0 0 0 0 0 0 0 0 0 0 0 0 0 0 0 0 0 0 0 0 0 0 0 0 0 0 0 0 0 0 0 0 0 0 0 0 0 1 1 1 1 1 1 1 1 1 1 1 1 1 1 1 1 1 1 1 1 1 1 1 1 1 1 1 1 1 1 1 1 1 1 1 1 1 1 1 1 1 1 1 1 1 1 1 1 1 1 1 1 1
2,"[CLS] if the u ##e supports a / gb mode or i ##u mode or both , a network supporting mobility from s ##1 mode to a / gb mode or i ##u mode or both shall include this ie . [SEP] if the u ##e supports a / gb mode , a network supporting mobility from s ##1 mode to a / gb mode shall include this ie . [SEP]",1 1 1 1 1 1 1 1 1 1 1 1 1 1 1 1 1 1 1 1 1 1 1 1 1 1 1 1 1 1 1 1 1 1 1 1 1 1 1 1 1 1 1 1 1 1 1 1 1 1 1 1 1 1 1 1 1 1 1 1 1 1 1 1 1 1 1 1 1 1 1,0 0 0 0 0 0 0 0 0 0 0 0 0 0 0 0 0 0 0 0 0 0 0 0 0 0 0 0 0 0 0 0 0 0 0 0 0 0 0 0 0 0 1 1 1 1 1 1 1 1 1 1 1 1 1 1 1 1 1 1 1 1 1 1 1 1 1 1 1 1 1
2,"[CLS] if the u ##e supports a / gb mode or i ##u mode or both , a network supporting mobility from s ##1 mode to a / gb mode or i ##u mode or both shall include this ie . [SEP] if the u ##e supports a / gb mode , a network supporting mobility from s ##1 mode to a / gb mode shall include this ie . [SEP]",1 1 1 1 1 1 1 1 1 1 1 1 1 1 1 1 1 1 1 1 1 1 1 1 1 1 1 1 1 1 1 1 1 1 1 1 1 1 1 1 1 1 1 1 1 1 1 1 1 1 1 1 1 1 1 1 1 1 1 1 1 1 1 1 1 1 1 1 1 1 1,0 0 0 0 0 0 0 0 0 0 0 0 0 0 0 0 0 0 0 0 0 0 0 0 0 0 0 0 0 0 0 0 0 0 0 0 0 0 0 0 0 0 1 1 1 1 1 1 1 1 1 1 1 1 1 1 1 1 1 1 1 1 1 1 1 1 1 1 1 1 1
2,"[CLS] if the u ##e supports a / gb mode or i ##u mode or both , a network supporting mobility from s ##1 mode to a / gb mode or i ##u mode or both shall include this ie . [SEP] if the u ##e supports a / gb mode and when the radio priority is modified , a network supporting mobility from s ##1 mode to a / gb mode shall include this ie . [SEP]",1 1 1 1 1 1 1 1 1 1 1 1 1 1 1 1 1 1 1 1 1 1 1 1 1 1 1 1 1 1 1 1 1 1 1 1 1 1 1 1 1 1 1 1 1 1 1 1 1 1 1 1 1 1 1 1 1 1 1 1 1 1 1 1 1 1 1 1 1 1 1 1 1 1 1 1 1 1,0 0 0 0 0 0 0 0 0 0 0 0 0 0 0 0 0 0 0 0 0 0 0 0 0 0 0 0 0 0 0 0 0 0 0 0 0 0 0 0 0 0 1 1 1 1 1 1 1 1 1 1 1 1 1 1 1 1 1 1 1 1 1 1 1 1 1 1 1 1 1 1 1 1 1 1 1 1
2,"[CLS] if the u ##e supports a / gb mode or i ##u mode or both , a network supporting mobility from s ##1 mode to a / gb mode or i ##u mode or both shall include the corresponding r ##9 ##9 q ##os parameter values of a pd ##p context . [SEP] if the u ##e supports a / gb mode , a network supporting mobility from s ##1 mode to a / gb mode shall include this ie . [SEP]",1 1 1 1 1 1 1 1 1 1 1 1 1 1 1 1 1 1 1 1 1 1 1 1 1 1 1 1 1 1 1 1 1 1 1 1 1 1 1 1 1 1 1 1 1 1 1 1 1 1 1 1 1 1 1 1 1 1 1 1 1 1 1 1 1 1 1 1 1 1 1 1 1 1 1 1 1 1 1 1 1 1 1,0 0 0 0 0 0 0 0 0 0 0 0 0 0 0 0 0 0 0 0 0 0 0 0 0 0 0 0 0 0 0 0 0 0 0 0 0 0 0 0 0 0 0 0 0 0 0 0 0 0 0 0 0 0 1 1 1 1 1 1 1 1 1 1 1 1 1 1 1 1 1 1 1 1 1 1 1 1 1 1 1 1 1
2,"[CLS] if the u ##e supports a / gb mode or i ##u mode or both , a network supporting mobility from s ##1 mode to a / gb mode or i ##u mode or both shall include the corresponding r ##9 ##9 q ##os parameter values of a pd ##p context . [SEP] if the u ##e supports a / gb mode , a network supporting mobility from s ##1 mode to a / gb mode shall include this ie . [SEP]",1 1 1 1 1 1 1 1 1 1 1 1 1 1 1 1 1 1 1 1 1 1 1 1 1 1 1 1 1 1 1 1 1 1 1 1 1 1 1 1 1 1 1 1 1 1 1 1 1 1 1 1 1 1 1 1 1 1 1 1 1 1 1 1 1 1 1 1 1 1 1 1 1 1 1 1 1 1 1 1 1 1 1,0 0 0 0 0 0 0 0 0 0 0 0 0 0 0 0 0 0 0 0 0 0 0 0 0 0 0 0 0 0 0 0 0 0 0 0 0 0 0 0 0 0 0 0 0 0 0 0 0 0 0 0 0 0 1 1 1 1 1 1 1 1 1 1 1 1 1 1 1 1 1 1 1 1 1 1 1 1 1 1 1 1 1
2,"[CLS] if the u ##e supports a / gb mode or i ##u mode or both , a network supporting mobility from s ##1 mode to a / gb mode or i ##u mode or both shall include the corresponding r ##9 ##9 q ##os parameter values of a pd ##p context . [SEP] if the u ##e supports a / gb mode or i ##u mode or both , a network supporting mobility from s ##1 mode to a / gb mode or i ##u mode or both shall include this ie . [SEP]",1 1 1 1 1 1 1 1 1 1 1 1 1 1 1 1 1 1 1 1 1 1 1 1 1 1 1 1 1 1 1 1 1 1 1 1 1 1 1 1 1 1 1 1 1 1 1 1 1 1 1 1 1 1 1 1 1 1 1 1 1 1 1 1 1 1 1 1 1 1 1 1 1 1 1 1 1 1 1 1 1 1 1 1 1 1 1 1 1 1 1 1 1 1 1,0 0 0 0 0 0 0 0 0 0 0 0 0 0 0 0 0 0 0 0 0 0 0 0 0 0 0 0 0 0 0 0 0 0 0 0 0 0 0 0 0 0 0 0 0 0 0 0 0 0 0 0 0 0 1 1 1 1 1 1 1 1 1 1 1 1 1 1 1 1 1 1 1 1 1 1 1 1 1 1 1 1 1 1 1 1 1 1 1 1 1 1 1 1 1
2,"[CLS] if the u ##e supports a / gb mode or i ##u mode or both , a network supporting mobility from s ##1 mode to a / gb mode or i ##u mode or both shall include the corresponding r ##9 ##9 q ##os parameter values of a pd ##p context . [SEP] if the u ##e supports a / gb mode , a network supporting mobility from s ##1 mode to a / gb mode shall include this ie . [SEP]",1 1 1 1 1 1 1 1 1 1 1 1 1 1 1 1 1 1 1 1 1 1 1 1 1 1 1 1 1 1 1 1 1 1 1 1 1 1 1 1 1 1 1 1 1 1 1 1 1 1 1 1 1 1 1 1 1 1 1 1 1 1 1 1 1 1 1 1 1 1 1 1 1 1 1 1 1 1 1 1 1 1 1,0 0 0 0 0 0 0 0 0 0 0 0 0 0 0 0 0 0 0 0 0 0 0 0 0 0 0 0 0 0 0 0 0 0 0 0 0 0 0 0 0 0 0 0 0 0 0 0 0 0 0 0 0 0 1 1 1 1 1 1 1 1 1 1 1 1 1 1 1 1 1 1 1 1 1 1 1 1 1 1 1 1 1
2,"[CLS] if the u ##e supports a / gb mode or i ##u mode or both , a network supporting mobility from s ##1 mode to a / gb mode or i ##u mode or both shall include the corresponding r ##9 ##9 q ##os parameter values of a pd ##p context . [SEP] if the u ##e supports a / gb mode , a network supporting mobility from s ##1 mode to a / gb mode shall include this ie . [SEP]",1 1 1 1 1 1 1 1 1 1 1 1 1 1 1 1 1 1 1 1 1 1 1 1 1 1 1 1 1 1 1 1 1 1 1 1 1 1 1 1 1 1 1 1 1 1 1 1 1 1 1 1 1 1 1 1 1 1 1 1 1 1 1 1 1 1 1 1 1 1 1 1 1 1 1 1 1 1 1 1 1 1 1,0 0 0 0 0 0 0 0 0 0 0 0 0 0 0 0 0 0 0 0 0 0 0 0 0 0 0 0 0 0 0 0 0 0 0 0 0 0 0 0 0 0 0 0 0 0 0 0 0 0 0 0 0 0 1 1 1 1 1 1 1 1 1 1 1 1 1 1 1 1 1 1 1 1 1 1 1 1 1 1 1 1 1
2,"[CLS] if the u ##e supports a / gb mode , a network supporting mobility from s ##1 mode to a / gb mode shall include this ie . [SEP] if the u ##e supports a / gb mode and bs ##s packet flow procedures , a network supporting mobility from s ##1 mode to a / gb mode shall include this ie . [SEP]",1 1 1 1 1 1 1 1 1 1 1 1 1 1 1 1 1 1 1 1 1 1 1 1 1 1 1 1 1 1 1 1 1 1 1 1 1 1 1 1 1 1 1 1 1 1 1 1 1 1 1 1 1 1 1 1 1 1 1 1 1 1 1 1 1,0 0 0 0 0 0 0 0 0 0 0 0 0 0 0 0 0 0 0 0 0 0 0 0 0 0 0 0 0 0 1 1 1 1 1 1 1 1 1 1 1 1 1 1 1 1 1 1 1 1 1 1 1 1 1 1 1 1 1 1 1 1 1 1 1
2,"[CLS] if the u ##e supports a / gb mode , a network supporting mobility from s ##1 mode to a / gb mode shall include this ie . [SEP] if the u ##e supports a / gb mode or i ##u mode or both , a network supporting mobility from s ##1 mode to a / gb mode or i ##u mode or both shall include this ie . [SEP]",1 1 1 1 1 1 1 1 1 1 1 1 1 1 1 1 1 1 1 1 1 1 1 1 1 1 1 1 1 1 1 1 1 1 1 1 1 1 1 1 1 1 1 1 1 1 1 1 1 1 1 1 1 1 1 1 1 1 1 1 1 1 1 1 1 1 1 1 1 1 1,0 0 0 0 0 0 0 0 0 0 0 0 0 0 0 0 0 0 0 0 0 0 0 0 0 0 0 0 0 0 1 1 1 1 1 1 1 1 1 1 1 1 1 1 1 1 1 1 1 1 1 1 1 1 1 1 1 1 1 1 1 1 1 1 1 1 1 1 1 1 1
2,"[CLS] if the u ##e supports a / gb mode , a network supporting mobility from s ##1 mode to a / gb mode shall include this ie . [SEP] if the u ##e supports a / gb mode or i ##u mode or both , a network supporting mobility from s ##1 mode to a / gb mode or i ##u mode or both shall include the corresponding r ##9 ##9 q ##os parameter values of a pd ##p context . [SEP]",1 1 1 1 1 1 1 1 1 1 1 1 1 1 1 1 1 1 1 1 1 1 1 1 1 1 1 1 1 1 1 1 1 1 1 1 1 1 1 1 1 1 1 1 1 1 1 1 1 1 1 1 1 1 1 1 1 1 1 1 1 1 1 1 1 1 1 1 1 1 1 1 1 1 1 1 1 1 1 1 1 1 1,0 0 0 0 0 0 0 0 0 0 0 0 0 0 0 0 0 0 0 0 0 0 0 0 0 0 0 0 0 0 1 1 1 1 1 1 1 1 1 1 1 1 1 1 1 1 1 1 1 1 1 1 1 1 1 1 1 1 1 1 1 1 1 1 1 1 1 1 1 1 1 1 1 1 1 1 1 1 1 1 1 1 1
2,"[CLS] if the u ##e supports a / gb mode , a network supporting mobility from s ##1 mode to a / gb mode shall include this ie . [SEP] if the u ##e supports a / gb mode and bs ##s packet flow procedures , a network supporting mobility from s ##1 mode to a / gb mode shall include this ie . [SEP]",1 1 1 1 1 1 1 1 1 1 1 1 1 1 1 1 1 1 1 1 1 1 1 1 1 1 1 1 1 1 1 1 1 1 1 1 1 1 1 1 1 1 1 1 1 1 1 1 1 1 1 1 1 1 1 1 1 1 1 1 1 1 1 1 1,0 0 0 0 0 0 0 0 0 0 0 0 0 0 0 0 0 0 0 0 0 0 0 0 0 0 0 0 0 0 1 1 1 1 1 1 1 1 1 1 1 1 1 1 1 1 1 1 1 1 1 1 1 1 1 1 1 1 1 1 1 1 1 1 1
2,"[CLS] if the u ##e supports a / gb mode , a network supporting mobility from s ##1 mode to a / gb mode shall include this ie . [SEP] if the u ##e supports a / gb mode and when the negotiated llc sap ##i is modified , a network supporting mobility from s ##1 mode to a / gb mode shall include this ie . [SEP]",1 1 1 1 1 1 1 1 1 1 1 1 1 1 1 1 1 1 1 1 1 1 1 1 1 1 1 1 1 1 1 1 1 1 1 1 1 1 1 1 1 1 1 1 1 1 1 1 1 1 1 1 1 1 1 1 1 1 1 1 1 1 1 1 1 1 1 1,0 0 0 0 0 0 0 0 0 0 0 0 0 0 0 0 0 0 0 0 0 0 0 0 0 0 0 0 0 0 1 1 1 1 1 1 1 1 1 1 1 1 1 1 1 1 1 1 1 1 1 1 1 1 1 1 1 1 1 1 1 1 1 1 1 1 1 1
2,"[CLS] if the u ##e supports a / gb mode , a network supporting mobility from s ##1 mode to a / gb mode shall include this ie . [SEP] if the u ##e supports a / gb mode and when the radio priority is modified , a network supporting mobility from s ##1 mode to a / gb mode shall include this ie . [SEP]",1 1 1 1 1 1 1 1 1 1 1 1 1 1 1 1 1 1 1 1 1 1 1 1 1 1 1 1 1 1 1 1 1 1 1 1 1 1 1 1 1 1 1 1 1 1 1 1 1 1 1 1 1 1 1 1 1 1 1 1 1 1 1 1 1 1,0 0 0 0 0 0 0 0 0 0 0 0 0 0 0 0 0 0 0 0 0 0 0 0 0 0 0 0 0 0 1 1 1 1 1 1 1 1 1 1 1 1 1 1 1 1 1 1 1 1 1 1 1 1 1 1 1 1 1 1 1 1 1 1 1 1
2,"[CLS] if the u ##e supports a / gb mode , a network supporting mobility from s ##1 mode to a / gb mode shall include this ie . [SEP] if the u ##e supports a / gb mode and bs ##s packet flow procedures , a network supporting mobility from s ##1 mode to a / gb mode shall include this ie . [SEP]",1 1 1 1 1 1 1 1 1 1 1 1 1 1 1 1 1 1 1 1 1 1 1 1 1 1 1 1 1 1 1 1 1 1 1 1 1 1 1 1 1 1 1 1 1 1 1 1 1 1 1 1 1 1 1 1 1 1 1 1 1 1 1 1 1,0 0 0 0 0 0 0 0 0 0 0 0 0 0 0 0 0 0 0 0 0 0 0 0 0 0 0 0 0 0 1 1 1 1 1 1 1 1 1 1 1 1 1 1 1 1 1 1 1 1 1 1 1 1 1 1 1 1 1 1 1 1 1 1 1
2,"[CLS] if the u ##e supports a / gb mode , a network supporting mobility from s ##1 mode to a / gb mode shall include this ie . [SEP] if the u ##e supports a / gb mode and bs ##s packet flow procedures , a network supporting mobility from s ##1 mode to a / gb mode shall include this ie . [SEP]",1 1 1 1 1 1 1 1 1 1 1 1 1 1 1 1 1 1 1 1 1 1 1 1 1 1 1 1 1 1 1 1 1 1 1 1 1 1 1 1 1 1 1 1 1 1 1 1 1 1 1 1 1 1 1 1 1 1 1 1 1 1 1 1 1,0 0 0 0 0 0 0 0 0 0 0 0 0 0 0 0 0 0 0 0 0 0 0 0 0 0 0 0 0 0 1 1 1 1 1 1 1 1 1 1 1 1 1 1 1 1 1 1 1 1 1 1 1 1 1 1 1 1 1 1 1 1 1 1 1
2,"[CLS] if the u ##e supports a / gb mode , a network supporting mobility from s ##1 mode to a / gb mode shall include this ie . [SEP] if the u ##e supports a / gb mode or i ##u mode or both , a network supporting mobility from s ##1 mode to a / gb mode or i ##u mode or both shall include this ie . [SEP]",1 1 1 1 1 1 1 1 1 1 1 1 1 1 1 1 1 1 1 1 1 1 1 1 1 1 1 1 1 1 1 1 1 1 1 1 1 1 1 1 1 1 1 1 1 1 1 1 1 1 1 1 1 1 1 1 1 1 1 1 1 1 1 1 1 1 1 1 1 1 1,0 0 0 0 0 0 0 0 0 0 0 0 0 0 0 0 0 0 0 0 0 0 0 0 0 0 0 0 0 0 1 1 1 1 1 1 1 1 1 1 1 1 1 1 1 1 1 1 1 1 1 1 1 1 1 1 1 1 1 1 1 1 1 1 1 1 1 1 1 1 1
2,"[CLS] if the u ##e supports a / gb mode , a network supporting mobility from s ##1 mode to a / gb mode shall include this ie . [SEP] if the u ##e supports a / gb mode or i ##u mode or both , a network supporting mobility from s ##1 mode to a / gb mode or i ##u mode or both shall include the corresponding r ##9 ##9 q ##os parameter values of a pd ##p context . [SEP]",1 1 1 1 1 1 1 1 1 1 1 1 1 1 1 1 1 1 1 1 1 1 1 1 1 1 1 1 1 1 1 1 1 1 1 1 1 1 1 1 1 1 1 1 1 1 1 1 1 1 1 1 1 1 1 1 1 1 1 1 1 1 1 1 1 1 1 1 1 1 1 1 1 1 1 1 1 1 1 1 1 1 1,0 0 0 0 0 0 0 0 0 0 0 0 0 0 0 0 0 0 0 0 0 0 0 0 0 0 0 0 0 0 1 1 1 1 1 1 1 1 1 1 1 1 1 1 1 1 1 1 1 1 1 1 1 1 1 1 1 1 1 1 1 1 1 1 1 1 1 1 1 1 1 1 1 1 1 1 1 1 1 1 1 1 1
2,"[CLS] if the u ##e supports a / gb mode , a network supporting mobility from s ##1 mode to a / gb mode shall include this ie . [SEP] if the u ##e supports a / gb mode and bs ##s packet flow procedures , a network supporting mobility from s ##1 mode to a / gb mode shall include this ie . [SEP]",1 1 1 1 1 1 1 1 1 1 1 1 1 1 1 1 1 1 1 1 1 1 1 1 1 1 1 1 1 1 1 1 1 1 1 1 1 1 1 1 1 1 1 1 1 1 1 1 1 1 1 1 1 1 1 1 1 1 1 1 1 1 1 1 1,0 0 0 0 0 0 0 0 0 0 0 0 0 0 0 0 0 0 0 0 0 0 0 0 0 0 0 0 0 0 1 1 1 1 1 1 1 1 1 1 1 1 1 1 1 1 1 1 1 1 1 1 1 1 1 1 1 1 1 1 1 1 1 1 1
2,"[CLS] if the u ##e supports a / gb mode , a network supporting mobility from s ##1 mode to a / gb mode shall include this ie . [SEP] if the u ##e supports a / gb mode and when the negotiated llc sap ##i is modified , a network supporting mobility from s ##1 mode to a / gb mode shall include this ie . [SEP]",1 1 1 1 1 1 1 1 1 1 1 1 1 1 1 1 1 1 1 1 1 1 1 1 1 1 1 1 1 1 1 1 1 1 1 1 1 1 1 1 1 1 1 1 1 1 1 1 1 1 1 1 1 1 1 1 1 1 1 1 1 1 1 1 1 1 1 1,0 0 0 0 0 0 0 0 0 0 0 0 0 0 0 0 0 0 0 0 0 0 0 0 0 0 0 0 0 0 1 1 1 1 1 1 1 1 1 1 1 1 1 1 1 1 1 1 1 1 1 1 1 1 1 1 1 1 1 1 1 1 1 1 1 1 1 1
2,"[CLS] if the u ##e supports a / gb mode , a network supporting mobility from s ##1 mode to a / gb mode shall include this ie . [SEP] if the u ##e supports a / gb mode and when the radio priority is modified , a network supporting mobility from s ##1 mode to a / gb mode shall include this ie . [SEP]",1 1 1 1 1 1 1 1 1 1 1 1 1 1 1 1 1 1 1 1 1 1 1 1 1 1 1 1 1 1 1 1 1 1 1 1 1 1 1 1 1 1 1 1 1 1 1 1 1 1 1 1 1 1 1 1 1 1 1 1 1 1 1 1 1 1,0 0 0 0 0 0 0 0 0 0 0 0 0 0 0 0 0 0 0 0 0 0 0 0 0 0 0 0 0 0 1 1 1 1 1 1 1 1 1 1 1 1 1 1 1 1 1 1 1 1 1 1 1 1 1 1 1 1 1 1 1 1 1 1 1 1
2,"[CLS] if the u ##e supports a / gb mode , a network supporting mobility from s ##1 mode to a / gb mode shall include this ie . [SEP] if the u ##e supports a / gb mode and bs ##s packet flow procedures , a network supporting mobility from s ##1 mode to a / gb mode shall include this ie . [SEP]",1 1 1 1 1 1 1 1 1 1 1 1 1 1 1 1 1 1 1 1 1 1 1 1 1 1 1 1 1 1 1 1 1 1 1 1 1 1 1 1 1 1 1 1 1 1 1 1 1 1 1 1 1 1 1 1 1 1 1 1 1 1 1 1 1,0 0 0 0 0 0 0 0 0 0 0 0 0 0 0 0 0 0 0 0 0 0 0 0 0 0 0 0 0 0 1 1 1 1 1 1 1 1 1 1 1 1 1 1 1 1 1 1 1 1 1 1 1 1 1 1 1 1 1 1 1 1 1 1 1
2,"[CLS] if the u ##e supports a / gb mode and bs ##s packet flow procedures , a network supporting mobility from s ##1 mode to a / gb mode shall include this ie . [SEP] if the u ##e supports a / gb mode , a network supporting mobility from s ##1 mode to a / gb mode shall include this ie . [SEP]",1 1 1 1 1 1 1 1 1 1 1 1 1 1 1 1 1 1 1 1 1 1 1 1 1 1 1 1 1 1 1 1 1 1 1 1 1 1 1 1 1 1 1 1 1 1 1 1 1 1 1 1 1 1 1 1 1 1 1 1 1 1 1 1 1,0 0 0 0 0 0 0 0 0 0 0 0 0 0 0 0 0 0 0 0 0 0 0 0 0 0 0 0 0 0 0 0 0 0 0 0 1 1 1 1 1 1 1 1 1 1 1 1 1 1 1 1 1 1 1 1 1 1 1 1 1 1 1 1 1
2,"[CLS] if the u ##e supports a / gb mode and bs ##s packet flow procedures , a network supporting mobility from s ##1 mode to a / gb mode shall include this ie . [SEP] if the u ##e supports a / gb mode , a network supporting mobility from s ##1 mode to a / gb mode shall include this ie . [SEP]",1 1 1 1 1 1 1 1 1 1 1 1 1 1 1 1 1 1 1 1 1 1 1 1 1 1 1 1 1 1 1 1 1 1 1 1 1 1 1 1 1 1 1 1 1 1 1 1 1 1 1 1 1 1 1 1 1 1 1 1 1 1 1 1 1,0 0 0 0 0 0 0 0 0 0 0 0 0 0 0 0 0 0 0 0 0 0 0 0 0 0 0 0 0 0 0 0 0 0 0 0 1 1 1 1 1 1 1 1 1 1 1 1 1 1 1 1 1 1 1 1 1 1 1 1 1 1 1 1 1
2,[CLS] this message is sent by the u ##e to the network to acknowledge activation of a default eps bearer context . see table 8 . 3 . 4 . 1 message type : activate default eps bearer context accept direction : u ##e to network . [SEP] this message is sent by u ##e to the network to reject activation of a default eps bearer context . see table 8 . 3 . 5 . 1 message type : activate default eps bearer context reject direction : u ##e to network . [SEP],1 1 1 1 1 1 1 1 1 1 1 1 1 1 1 1 1 1 1 1 1 1 1 1 1 1 1 1 1 1 1 1 1 1 1 1 1 1 1 1 1 1 1 1 1 1 1 1 1 1 1 1 1 1 1 1 1 1 1 1 1 1 1 1 1 1 1 1 1 1 1 1 1 1 1 1 1 1 1 1 1 1 1 1 1 1 1 1 1 1 1 1 1 1,0 0 0 0 0 0 0 0 0 0 0 0 0 0 0 0 0 0 0 0 0 0 0 0 0 0 0 0 0 0 0 0 0 0 0 0 0 0 0 0 0 0 0 0 0 0 0 0 1 1 1 1 1 1 1 1 1 1 1 1 1 1 1 1 1 1 1 1 1 1 1 1 1 1 1 1 1 1 1 1 1 1 1 1 1 1 1 1 1 1 1 1 1 1
2,[CLS] this message is sent by the u ##e to the network to acknowledge activation of a default eps bearer context . see table 8 . 3 . 4 . 1 message type : activate default eps bearer context accept direction : u ##e to network . [SEP] this message is sent by the network to the u ##e to request activation of a default eps bearer context . see table 8 . 3 . 6 . 1 message type : activate default eps bearer context request direction : network to u ##e . [SEP],1 1 1 1 1 1 1 1 1 1 1 1 1 1 1 1 1 1 1 1 1 1 1 1 1 1 1 1 1 1 1 1 1 1 1 1 1 1 1 1 1 1 1 1 1 1 1 1 1 1 1 1 1 1 1 1 1 1 1 1 1 1 1 1 1 1 1 1 1 1 1 1 1 1 1 1 1 1 1 1 1 1 1 1 1 1 1 1 1 1 1 1 1 1 1,0 0 0 0 0 0 0 0 0 0 0 0 0 0 0 0 0 0 0 0 0 0 0 0 0 0 0 0 0 0 0 0 0 0 0 0 0 0 0 0 0 0 0 0 0 0 0 0 1 1 1 1 1 1 1 1 1 1 1 1 1 1 1 1 1 1 1 1 1 1 1 1 1 1 1 1 1 1 1 1 1 1 1 1 1 1 1 1 1 1 1 1 1 1 1
2,[CLS] this message is sent by u ##e to the network to reject activation of a default eps bearer context . see table 8 . 3 . 5 . 1 message type : activate default eps bearer context reject direction : u ##e to network . [SEP] this message is sent by the network to the u ##e to request activation of a default eps bearer context . see table 8 . 3 . 6 . 1 message type : activate default eps bearer context request direction : network to u ##e . [SEP],1 1 1 1 1 1 1 1 1 1 1 1 1 1 1 1 1 1 1 1 1 1 1 1 1 1 1 1 1 1 1 1 1 1 1 1 1 1 1 1 1 1 1 1 1 1 1 1 1 1 1 1 1 1 1 1 1 1 1 1 1 1 1 1 1 1 1 1 1 1 1 1 1 1 1 1 1 1 1 1 1 1 1 1 1 1 1 1 1 1 1 1 1 1,0 0 0 0 0 0 0 0 0 0 0 0 0 0 0 0 0 0 0 0 0 0 0 0 0 0 0 0 0 0 0 0 0 0 0 0 0 0 0 0 0 0 0 0 0 0 0 1 1 1 1 1 1 1 1 1 1 1 1 1 1 1 1 1 1 1 1 1 1 1 1 1 1 1 1 1 1 1 1 1 1 1 1 1 1 1 1 1 1 1 1 1 1 1
2,[CLS] this message is sent by u ##e to the network to reject activation of a default eps bearer context . see table 8 . 3 . 5 . 1 message type : activate default eps bearer context reject direction : u ##e to network . [SEP] this message is sent by the u ##e or the network to reject a modification of an active eps bearer context . see table 8 . 3 . 17 . 1 message type : modify eps bearer context reject direction : u ##e to network . [SEP],1 1 1 1 1 1 1 1 1 1 1 1 1 1 1 1 1 1 1 1 1 1 1 1 1 1 1 1 1 1 1 1 1 1 1 1 1 1 1 1 1 1 1 1 1 1 1 1 1 1 1 1 1 1 1 1 1 1 1 1 1 1 1 1 1 1 1 1 1 1 1 1 1 1 1 1 1 1 1 1 1 1 1 1 1 1 1 1 1 1 1 1 1 1,0 0 0 0 0 0 0 0 0 0 0 0 0 0 0 0 0 0 0 0 0 0 0 0 0 0 0 0 0 0 0 0 0 0 0 0 0 0 0 0 0 0 0 0 0 0 0 1 1 1 1 1 1 1 1 1 1 1 1 1 1 1 1 1 1 1 1 1 1 1 1 1 1 1 1 1 1 1 1 1 1 1 1 1 1 1 1 1 1 1 1 1 1 1
2,"[CLS] if the u ##e supports a / gb mode or i ##u mode or both , a network supporting mobility from s ##1 mode to a / gb mode or i ##u mode or both shall include this ie . [SEP] if the u ##e supports a / gb mode or i ##u mode or both , a network supporting mobility from s ##1 mode to a / gb mode or i ##u mode or both shall include the corresponding r ##9 ##9 q ##os parameter values of a pd ##p context . [SEP]",1 1 1 1 1 1 1 1 1 1 1 1 1 1 1 1 1 1 1 1 1 1 1 1 1 1 1 1 1 1 1 1 1 1 1 1 1 1 1 1 1 1 1 1 1 1 1 1 1 1 1 1 1 1 1 1 1 1 1 1 1 1 1 1 1 1 1 1 1 1 1 1 1 1 1 1 1 1 1 1 1 1 1 1 1 1 1 1 1 1 1 1 1 1 1,0 0 0 0 0 0 0 0 0 0 0 0 0 0 0 0 0 0 0 0 0 0 0 0 0 0 0 0 0 0 0 0 0 0 0 0 0 0 0 0 0 0 1 1 1 1 1 1 1 1 1 1 1 1 1 1 1 1 1 1 1 1 1 1 1 1 1 1 1 1 1 1 1 1 1 1 1 1 1 1 1 1 1 1 1 1 1 1 1 1 1 1 1 1 1
2,"[CLS] if the u ##e supports a / gb mode or i ##u mode or both , a network supporting mobility from s ##1 mode to a / gb mode or i ##u mode or both shall include this ie . [SEP] if the u ##e supports a / gb mode , a network supporting mobility from s ##1 mode to a / gb mode shall include this ie . [SEP]",1 1 1 1 1 1 1 1 1 1 1 1 1 1 1 1 1 1 1 1 1 1 1 1 1 1 1 1 1 1 1 1 1 1 1 1 1 1 1 1 1 1 1 1 1 1 1 1 1 1 1 1 1 1 1 1 1 1 1 1 1 1 1 1 1 1 1 1 1 1 1,0 0 0 0 0 0 0 0 0 0 0 0 0 0 0 0 0 0 0 0 0 0 0 0 0 0 0 0 0 0 0 0 0 0 0 0 0 0 0 0 0 0 1 1 1 1 1 1 1 1 1 1 1 1 1 1 1 1 1 1 1 1 1 1 1 1 1 1 1 1 1
2,"[CLS] if the u ##e supports a / gb mode or i ##u mode or both , a network supporting mobility from s ##1 mode to a / gb mode or i ##u mode or both shall include this ie . [SEP] if the u ##e supports a / gb mode , a network supporting mobility from s ##1 mode to a / gb mode shall include this ie . [SEP]",1 1 1 1 1 1 1 1 1 1 1 1 1 1 1 1 1 1 1 1 1 1 1 1 1 1 1 1 1 1 1 1 1 1 1 1 1 1 1 1 1 1 1 1 1 1 1 1 1 1 1 1 1 1 1 1 1 1 1 1 1 1 1 1 1 1 1 1 1 1 1,0 0 0 0 0 0 0 0 0 0 0 0 0 0 0 0 0 0 0 0 0 0 0 0 0 0 0 0 0 0 0 0 0 0 0 0 0 0 0 0 0 0 1 1 1 1 1 1 1 1 1 1 1 1 1 1 1 1 1 1 1 1 1 1 1 1 1 1 1 1 1
2,"[CLS] if the u ##e supports a / gb mode or i ##u mode or both , a network supporting mobility from s ##1 mode to a / gb mode or i ##u mode or both shall include this ie . [SEP] if the u ##e supports a / gb mode and when the radio priority is modified , a network supporting mobility from s ##1 mode to a / gb mode shall include this ie . [SEP]",1 1 1 1 1 1 1 1 1 1 1 1 1 1 1 1 1 1 1 1 1 1 1 1 1 1 1 1 1 1 1 1 1 1 1 1 1 1 1 1 1 1 1 1 1 1 1 1 1 1 1 1 1 1 1 1 1 1 1 1 1 1 1 1 1 1 1 1 1 1 1 1 1 1 1 1 1 1,0 0 0 0 0 0 0 0 0 0 0 0 0 0 0 0 0 0 0 0 0 0 0 0 0 0 0 0 0 0 0 0 0 0 0 0 0 0 0 0 0 0 1 1 1 1 1 1 1 1 1 1 1 1 1 1 1 1 1 1 1 1 1 1 1 1 1 1 1 1 1 1 1 1 1 1 1 1
2,"[CLS] if the u ##e supports a / gb mode or i ##u mode or both , a network supporting mobility from s ##1 mode to a / gb mode or i ##u mode or both shall include the corresponding r ##9 ##9 q ##os parameter values of a pd ##p context . [SEP] if the u ##e supports a / gb mode , a network supporting mobility from s ##1 mode to a / gb mode shall include this ie . [SEP]",1 1 1 1 1 1 1 1 1 1 1 1 1 1 1 1 1 1 1 1 1 1 1 1 1 1 1 1 1 1 1 1 1 1 1 1 1 1 1 1 1 1 1 1 1 1 1 1 1 1 1 1 1 1 1 1 1 1 1 1 1 1 1 1 1 1 1 1 1 1 1 1 1 1 1 1 1 1 1 1 1 1 1,0 0 0 0 0 0 0 0 0 0 0 0 0 0 0 0 0 0 0 0 0 0 0 0 0 0 0 0 0 0 0 0 0 0 0 0 0 0 0 0 0 0 0 0 0 0 0 0 0 0 0 0 0 0 1 1 1 1 1 1 1 1 1 1 1 1 1 1 1 1 1 1 1 1 1 1 1 1 1 1 1 1 1
2,"[CLS] if the u ##e supports a / gb mode or i ##u mode or both , a network supporting mobility from s ##1 mode to a / gb mode or i ##u mode or both shall include the corresponding r ##9 ##9 q ##os parameter values of a pd ##p context . [SEP] if the u ##e supports a / gb mode , a network supporting mobility from s ##1 mode to a / gb mode shall include this ie . [SEP]",1 1 1 1 1 1 1 1 1 1 1 1 1 1 1 1 1 1 1 1 1 1 1 1 1 1 1 1 1 1 1 1 1 1 1 1 1 1 1 1 1 1 1 1 1 1 1 1 1 1 1 1 1 1 1 1 1 1 1 1 1 1 1 1 1 1 1 1 1 1 1 1 1 1 1 1 1 1 1 1 1 1 1,0 0 0 0 0 0 0 0 0 0 0 0 0 0 0 0 0 0 0 0 0 0 0 0 0 0 0 0 0 0 0 0 0 0 0 0 0 0 0 0 0 0 0 0 0 0 0 0 0 0 0 0 0 0 1 1 1 1 1 1 1 1 1 1 1 1 1 1 1 1 1 1 1 1 1 1 1 1 1 1 1 1 1
2,"[CLS] if the u ##e supports a / gb mode , a network supporting mobility from s ##1 mode to a / gb mode shall include this ie . [SEP] if the u ##e supports a / gb mode and bs ##s packet flow procedures , a network supporting mobility from s ##1 mode to a / gb mode shall include this ie . [SEP]",1 1 1 1 1 1 1 1 1 1 1 1 1 1 1 1 1 1 1 1 1 1 1 1 1 1 1 1 1 1 1 1 1 1 1 1 1 1 1 1 1 1 1 1 1 1 1 1 1 1 1 1 1 1 1 1 1 1 1 1 1 1 1 1 1,0 0 0 0 0 0 0 0 0 0 0 0 0 0 0 0 0 0 0 0 0 0 0 0 0 0 0 0 0 0 1 1 1 1 1 1 1 1 1 1 1 1 1 1 1 1 1 1 1 1 1 1 1 1 1 1 1 1 1 1 1 1 1 1 1
2,"[CLS] if the u ##e supports a / gb mode , a network supporting mobility from s ##1 mode to a / gb mode shall include this ie . [SEP] if the u ##e supports a / gb mode and when the negotiated llc sap ##i is modified , a network supporting mobility from s ##1 mode to a / gb mode shall include this ie . [SEP]",1 1 1 1 1 1 1 1 1 1 1 1 1 1 1 1 1 1 1 1 1 1 1 1 1 1 1 1 1 1 1 1 1 1 1 1 1 1 1 1 1 1 1 1 1 1 1 1 1 1 1 1 1 1 1 1 1 1 1 1 1 1 1 1 1 1 1 1,0 0 0 0 0 0 0 0 0 0 0 0 0 0 0 0 0 0 0 0 0 0 0 0 0 0 0 0 0 0 1 1 1 1 1 1 1 1 1 1 1 1 1 1 1 1 1 1 1 1 1 1 1 1 1 1 1 1 1 1 1 1 1 1 1 1 1 1
2,"[CLS] if the u ##e supports a / gb mode , a network supporting mobility from s ##1 mode to a / gb mode shall include this ie . [SEP] if the u ##e supports a / gb mode and when the radio priority is modified , a network supporting mobility from s ##1 mode to a / gb mode shall include this ie . [SEP]",1 1 1 1 1 1 1 1 1 1 1 1 1 1 1 1 1 1 1 1 1 1 1 1 1 1 1 1 1 1 1 1 1 1 1 1 1 1 1 1 1 1 1 1 1 1 1 1 1 1 1 1 1 1 1 1 1 1 1 1 1 1 1 1 1 1,0 0 0 0 0 0 0 0 0 0 0 0 0 0 0 0 0 0 0 0 0 0 0 0 0 0 0 0 0 0 1 1 1 1 1 1 1 1 1 1 1 1 1 1 1 1 1 1 1 1 1 1 1 1 1 1 1 1 1 1 1 1 1 1 1 1
2,"[CLS] if the u ##e supports a / gb mode , a network supporting mobility from s ##1 mode to a / gb mode shall include this ie . [SEP] if the u ##e supports a / gb mode and bs ##s packet flow procedures , a network supporting mobility from s ##1 mode to a / gb mode shall include this ie . [SEP]",1 1 1 1 1 1 1 1 1 1 1 1 1 1 1 1 1 1 1 1 1 1 1 1 1 1 1 1 1 1 1 1 1 1 1 1 1 1 1 1 1 1 1 1 1 1 1 1 1 1 1 1 1 1 1 1 1 1 1 1 1 1 1 1 1,0 0 0 0 0 0 0 0 0 0 0 0 0 0 0 0 0 0 0 0 0 0 0 0 0 0 0 0 0 0 1 1 1 1 1 1 1 1 1 1 1 1 1 1 1 1 1 1 1 1 1 1 1 1 1 1 1 1 1 1 1 1 1 1 1
2,"[CLS] if the u ##e supports a / gb mode , a network supporting mobility from s ##1 mode to a / gb mode shall include this ie . [SEP] if the u ##e supports a / gb mode and bs ##s packet flow procedures , a network supporting mobility from s ##1 mode to a / gb mode shall include this ie . [SEP]",1 1 1 1 1 1 1 1 1 1 1 1 1 1 1 1 1 1 1 1 1 1 1 1 1 1 1 1 1 1 1 1 1 1 1 1 1 1 1 1 1 1 1 1 1 1 1 1 1 1 1 1 1 1 1 1 1 1 1 1 1 1 1 1 1,0 0 0 0 0 0 0 0 0 0 0 0 0 0 0 0 0 0 0 0 0 0 0 0 0 0 0 0 0 0 1 1 1 1 1 1 1 1 1 1 1 1 1 1 1 1 1 1 1 1 1 1 1 1 1 1 1 1 1 1 1 1 1 1 1
2,"[CLS] if the u ##e supports a / gb mode , a network supporting mobility from s ##1 mode to a / gb mode shall include this ie . [SEP] if the u ##e supports a / gb mode and when the negotiated llc sap ##i is modified , a network supporting mobility from s ##1 mode to a / gb mode shall include this ie . [SEP]",1 1 1 1 1 1 1 1 1 1 1 1 1 1 1 1 1 1 1 1 1 1 1 1 1 1 1 1 1 1 1 1 1 1 1 1 1 1 1 1 1 1 1 1 1 1 1 1 1 1 1 1 1 1 1 1 1 1 1 1 1 1 1 1 1 1 1 1,0 0 0 0 0 0 0 0 0 0 0 0 0 0 0 0 0 0 0 0 0 0 0 0 0 0 0 0 0 0 1 1 1 1 1 1 1 1 1 1 1 1 1 1 1 1 1 1 1 1 1 1 1 1 1 1 1 1 1 1 1 1 1 1 1 1 1 1
2,"[CLS] if the u ##e supports a / gb mode , a network supporting mobility from s ##1 mode to a / gb mode shall include this ie . [SEP] if the u ##e supports a / gb mode and when the radio priority is modified , a network supporting mobility from s ##1 mode to a / gb mode shall include this ie . [SEP]",1 1 1 1 1 1 1 1 1 1 1 1 1 1 1 1 1 1 1 1 1 1 1 1 1 1 1 1 1 1 1 1 1 1 1 1 1 1 1 1 1 1 1 1 1 1 1 1 1 1 1 1 1 1 1 1 1 1 1 1 1 1 1 1 1 1,0 0 0 0 0 0 0 0 0 0 0 0 0 0 0 0 0 0 0 0 0 0 0 0 0 0 0 0 0 0 1 1 1 1 1 1 1 1 1 1 1 1 1 1 1 1 1 1 1 1 1 1 1 1 1 1 1 1 1 1 1 1 1 1 1 1
2,"[CLS] if the u ##e supports a / gb mode , a network supporting mobility from s ##1 mode to a / gb mode shall include this ie . [SEP] if the u ##e supports a / gb mode and bs ##s packet flow procedures , a network supporting mobility from s ##1 mode to a / gb mode shall include this ie . [SEP]",1 1 1 1 1 1 1 1 1 1 1 1 1 1 1 1 1 1 1 1 1 1 1 1 1 1 1 1 1 1 1 1 1 1 1 1 1 1 1 1 1 1 1 1 1 1 1 1 1 1 1 1 1 1 1 1 1 1 1 1 1 1 1 1 1,0 0 0 0 0 0 0 0 0 0 0 0 0 0 0 0 0 0 0 0 0 0 0 0 0 0 0 0 0 0 1 1 1 1 1 1 1 1 1 1 1 1 1 1 1 1 1 1 1 1 1 1 1 1 1 1 1 1 1 1 1 1 1 1 1
2,[CLS] this message is sent by the network to the u ##e to reject the allocation of a dedicated bearer resource . see table 8 . 3 . 7 . 1 message type : bearer resource allocation reject direction : network to u ##e . [SEP] this message is sent by the u ##e to the network to request the allocation of a dedicated bearer resource . see table 8 . 3 . 8 . 1 message type : bearer resource allocation request direction : u ##e to network . [SEP],1 1 1 1 1 1 1 1 1 1 1 1 1 1 1 1 1 1 1 1 1 1 1 1 1 1 1 1 1 1 1 1 1 1 1 1 1 1 1 1 1 1 1 1 1 1 1 1 1 1 1 1 1 1 1 1 1 1 1 1 1 1 1 1 1 1 1 1 1 1 1 1 1 1 1 1 1 1 1 1 1 1 1 1 1 1 1 1 1 1 1,0 0 0 0 0 0 0 0 0 0 0 0 0 0 0 0 0 0 0 0 0 0 0 0 0 0 0 0 0 0 0 0 0 0 0 0 0 0 0 0 0 0 0 0 0 0 1 1 1 1 1 1 1 1 1 1 1 1 1 1 1 1 1 1 1 1 1 1 1 1 1 1 1 1 1 1 1 1 1 1 1 1 1 1 1 1 1 1 1 1 1
2,[CLS] this message is sent by the network to the u ##e to reject the allocation of a dedicated bearer resource . see table 8 . 3 . 7 . 1 message type : bearer resource allocation reject direction : network to u ##e . [SEP] this message is sent by the network to the u ##e to reject the modification of a dedicated bearer resource . see table 8 . 3 . 9 . 1 message type : bearer resource modification reject direction : network to u ##e . [SEP],1 1 1 1 1 1 1 1 1 1 1 1 1 1 1 1 1 1 1 1 1 1 1 1 1 1 1 1 1 1 1 1 1 1 1 1 1 1 1 1 1 1 1 1 1 1 1 1 1 1 1 1 1 1 1 1 1 1 1 1 1 1 1 1 1 1 1 1 1 1 1 1 1 1 1 1 1 1 1 1 1 1 1 1 1 1 1 1 1 1 1,0 0 0 0 0 0 0 0 0 0 0 0 0 0 0 0 0 0 0 0 0 0 0 0 0 0 0 0 0 0 0 0 0 0 0 0 0 0 0 0 0 0 0 0 0 0 1 1 1 1 1 1 1 1 1 1 1 1 1 1 1 1 1 1 1 1 1 1 1 1 1 1 1 1 1 1 1 1 1 1 1 1 1 1 1 1 1 1 1 1 1
2,"[CLS] the network may include this ie if the es ##m cause is not # 65 "" maximum number of eps bearer ##s reached "" , to request a minimum time interval before procedure re ##try is allowed . [SEP] the network may include this ie to request a minimum time interval before procedure re ##try is allowed . [SEP]",1 1 1 1 1 1 1 1 1 1 1 1 1 1 1 1 1 1 1 1 1 1 1 1 1 1 1 1 1 1 1 1 1 1 1 1 1 1 1 1 1 1 1 1 1 1 1 1 1 1 1 1 1 1 1 1 1 1 1 1,0 0 0 0 0 0 0 0 0 0 0 0 0 0 0 0 0 0 0 0 0 0 0 0 0 0 0 0 0 0 0 0 0 0 0 0 0 0 0 0 1 1 1 1 1 1 1 1 1 1 1 1 1 1 1 1 1 1 1 1
2,"[CLS] the network may include this ie only if it includes the back - off timer value ie and the es ##m cause value is not # 26 "" insufficient resources "" . [SEP] the network may include this ie if the es ##m cause is # 26 "" insufficient resources "" . [SEP]",1 1 1 1 1 1 1 1 1 1 1 1 1 1 1 1 1 1 1 1 1 1 1 1 1 1 1 1 1 1 1 1 1 1 1 1 1 1 1 1 1 1 1 1 1 1 1 1 1 1 1 1 1 1,0 0 0 0 0 0 0 0 0 0 0 0 0 0 0 0 0 0 0 0 0 0 0 0 0 0 0 0 0 0 0 0 0 0 1 1 1 1 1 1 1 1 1 1 1 1 1 1 1 1 1 1 1 1
2,[CLS] this message is sent by the network to the u ##e to reject the modification of a dedicated bearer resource . see table 8 . 3 . 9 . 1 message type : bearer resource modification reject direction : network to u ##e . [SEP] see table 8 . 3 . 10 . 1 message type : bearer resource modification request direction : u ##e to network . [SEP],1 1 1 1 1 1 1 1 1 1 1 1 1 1 1 1 1 1 1 1 1 1 1 1 1 1 1 1 1 1 1 1 1 1 1 1 1 1 1 1 1 1 1 1 1 1 1 1 1 1 1 1 1 1 1 1 1 1 1 1 1 1 1 1 1 1 1 1 1 1,0 0 0 0 0 0 0 0 0 0 0 0 0 0 0 0 0 0 0 0 0 0 0 0 0 0 0 0 0 0 0 0 0 0 0 0 0 0 0 0 0 0 0 0 0 0 1 1 1 1 1 1 1 1 1 1 1 1 1 1 1 1 1 1 1 1 1 1 1 1
2,"[CLS] the network may include this ie only if it includes the back - off timer value ie and the es ##m cause value is not # 26 "" insufficient resources "" . [SEP] the network may include this ie if the es ##m cause is # 26 "" insufficient resources "" . [SEP]",1 1 1 1 1 1 1 1 1 1 1 1 1 1 1 1 1 1 1 1 1 1 1 1 1 1 1 1 1 1 1 1 1 1 1 1 1 1 1 1 1 1 1 1 1 1 1 1 1 1 1 1 1 1,0 0 0 0 0 0 0 0 0 0 0 0 0 0 0 0 0 0 0 0 0 0 0 0 0 0 0 0 0 0 0 0 0 0 1 1 1 1 1 1 1 1 1 1 1 1 1 1 1 1 1 1 1 1
2,[CLS] this message is sent by the u ##e to acknowledge dea ##ct ##ivation of the eps bearer context requested in the corresponding dea ##ct ##ivate eps bearer context request message . see table 8 . 3 . 11 . 1 message type : dea ##ct ##ivate eps bearer context accept direction : u ##e to network . [SEP] this message is sent by the network to request dea ##ct ##ivation of an active eps bearer context . see table 8 . 3 . 12 . 1 message type : dea ##ct ##ivate eps bearer context request direction : network to u ##e . [SEP],1 1 1 1 1 1 1 1 1 1 1 1 1 1 1 1 1 1 1 1 1 1 1 1 1 1 1 1 1 1 1 1 1 1 1 1 1 1 1 1 1 1 1 1 1 1 1 1 1 1 1 1 1 1 1 1 1 1 1 1 1 1 1 1 1 1 1 1 1 1 1 1 1 1 1 1 1 1 1 1 1 1 1 1 1 1 1 1 1 1 1 1 1 1 1 1 1 1 1 1 1 1 1 1 1,0 0 0 0 0 0 0 0 0 0 0 0 0 0 0 0 0 0 0 0 0 0 0 0 0 0 0 0 0 0 0 0 0 0 0 0 0 0 0 0 0 0 0 0 0 0 0 0 0 0 0 0 0 0 0 0 0 0 0 1 1 1 1 1 1 1 1 1 1 1 1 1 1 1 1 1 1 1 1 1 1 1 1 1 1 1 1 1 1 1 1 1 1 1 1 1 1 1 1 1 1 1 1 1 1
2,"[CLS] if the u ##e supports a / gb mode and when the negotiated llc sap ##i is modified , a network supporting mobility from s ##1 mode to a / gb mode shall include this ie . [SEP] if the u ##e supports a / gb mode and when the radio priority is modified , a network supporting mobility from s ##1 mode to a / gb mode shall include this ie . [SEP]",1 1 1 1 1 1 1 1 1 1 1 1 1 1 1 1 1 1 1 1 1 1 1 1 1 1 1 1 1 1 1 1 1 1 1 1 1 1 1 1 1 1 1 1 1 1 1 1 1 1 1 1 1 1 1 1 1 1 1 1 1 1 1 1 1 1 1 1 1 1 1 1 1 1 1,0 0 0 0 0 0 0 0 0 0 0 0 0 0 0 0 0 0 0 0 0 0 0 0 0 0 0 0 0 0 0 0 0 0 0 0 0 0 0 1 1 1 1 1 1 1 1 1 1 1 1 1 1 1 1 1 1 1 1 1 1 1 1 1 1 1 1 1 1 1 1 1 1 1 1
2,[CLS] this message is sent by the network to the u ##e to reject release of a pd ##n connection . see table 8 . 3 . 21 . 1 message type : pd ##n disco ##nne ##ct reject direction : network to u ##e . [SEP] this message is sent by the u ##e to the network to initiate release of a pd ##n connection . see table 8 . 3 . 22 . 1 message type : pd ##n disco ##nne ##ct request direction : u ##e to network . [SEP],1 1 1 1 1 1 1 1 1 1 1 1 1 1 1 1 1 1 1 1 1 1 1 1 1 1 1 1 1 1 1 1 1 1 1 1 1 1 1 1 1 1 1 1 1 1 1 1 1 1 1 1 1 1 1 1 1 1 1 1 1 1 1 1 1 1 1 1 1 1 1 1 1 1 1 1 1 1 1 1 1 1 1 1 1 1 1 1 1 1 1 1 1,0 0 0 0 0 0 0 0 0 0 0 0 0 0 0 0 0 0 0 0 0 0 0 0 0 0 0 0 0 0 0 0 0 0 0 0 0 0 0 0 0 0 0 0 0 0 0 1 1 1 1 1 1 1 1 1 1 1 1 1 1 1 1 1 1 1 1 1 1 1 1 1 1 1 1 1 1 1 1 1 1 1 1 1 1 1 1 1 1 1 1 1 1
2,[CLS] this message is sent by the u ##e to the network to report connection or disco ##nne ##ction of remote u ##e ( s ) . see table 8 . 3 . 23 . 1 message type : remote u ##e report direction : u ##e to network . [SEP] this message is sent by the network to the u ##e to acknowledge receipt of a remote u ##e report message . see table 8 . 3 . 24 . 1 message type : remote u ##e report response direction : network to u ##e . [SEP],1 1 1 1 1 1 1 1 1 1 1 1 1 1 1 1 1 1 1 1 1 1 1 1 1 1 1 1 1 1 1 1 1 1 1 1 1 1 1 1 1 1 1 1 1 1 1 1 1 1 1 1 1 1 1 1 1 1 1 1 1 1 1 1 1 1 1 1 1 1 1 1 1 1 1 1 1 1 1 1 1 1 1 1 1 1 1 1 1 1 1 1 1 1 1 1 1 1,0 0 0 0 0 0 0 0 0 0 0 0 0 0 0 0 0 0 0 0 0 0 0 0 0 0 0 0 0 0 0 0 0 0 0 0 0 0 0 0 0 0 0 0 0 0 0 0 0 0 0 1 1 1 1 1 1 1 1 1 1 1 1 1 1 1 1 1 1 1 1 1 1 1 1 1 1 1 1 1 1 1 1 1 1 1 1 1 1 1 1 1 1 1 1 1 1 1
